Course_ID,Section,Semester,Type,Duration,Weekly_Count,Delivery_Mode,Total_Slots_Needed
COURSE_1,BTech(IT)_4_A,Sem4,Lecture,1,2,Offline,2
COURSE_1,BTech(IT)_4_B,Sem4,Lecture,1,2,Offline,2
COURSE_1,BTech(IT)_4_C,Sem4,Lecture,1,2,Offline,2
COURSE_1,BTech(IT)_4_D,Sem4,Lecture,1,2,Offline,2
COURSE_1,BTech(IT)_4_ONL,Sem4,Lecture,1,1,Online,1
COURSE_2,MCA_2_A,Sem2,Lecture,1,2,Offline,2
COURSE_2,MCA_2_B,Sem2,Lecture,1,2,Offline,2
COURSE_2,MCA_2_C,Sem2,Lecture,1,2,Offline,2
COURSE_2,MCA_2_D,Sem2,Lecture,1,2,Offline,2
COURSE_2,MCA_2_ONL,Sem2,Lecture,1,1,Online,1
COURSE_3,BTech(CSE)_1_A,Sem1,Lecture,1,2,Offline,2
COURSE_3,BTech(CSE)_1_A,Sem1,Lab,2,1,Offline,2
COURSE_3,BTech(CSE)_1_B,Sem1,Lecture,1,2,Offline,2
COURSE_3,BTech(CSE)_1_B,Sem1,Lab,2,1,Offline,2
COURSE_3,BTech(CSE)_1_C,Sem1,Lecture,1,2,Offline,2
COURSE_3,BTech(CSE)_1_C,Sem1,Lab,2,1,Offline,2
COURSE_3,BTech(CSE)_1_D,Sem1,Lecture,1,2,Offline,2
COURSE_3,BTech(CSE)_1_D,Sem1,Lab,2,1,Offline,2
COURSE_3,BTech(CSE)_1_ONL,Sem1,Lecture,1,1,Online,1
COURSE_4,MTech_2_A,Sem2,Lecture,1,1,Offline,1
COURSE_4,MTech_2_B,Sem2,Lecture,1,1,Offline,1
COURSE_4,MTech_2_C,Sem2,Lecture,1,1,Offline,1
COURSE_4,MTech_2_D,Sem2,Lecture,1,1,Offline,1
COURSE_4,MTech_2_ONL,Sem2,Lecture,1,1,Online,1
COURSE_5,BTech(CyberS)_7_A,Sem7,Lecture,1,2,Offline,2
COURSE_5,BTech(CyberS)_7_B,Sem7,Lecture,1,2,Offline,2
COURSE_5,BTech(CyberS)_7_C,Sem7,Lecture,1,2,Offline,2
COURSE_5,BTech(CyberS)_7_D,Sem7,Lecture,1,2,Offline,2
COURSE_5,BTech(CyberS)_7_ONL,Sem7,Lecture,1,1,Online,1
COURSE_6,BTech(CSE)_1_A,Sem1,Lecture,1,2,Offline,2
COURSE_6,BTech(CSE)_1_B,Sem1,Lecture,1,2,Offline,2
COURSE_6,BTech(CSE)_1_C,Sem1,Lecture,1,2,Offline,2
COURSE_6,BTech(CSE)_1_D,Sem1,Lecture,1,2,Offline,2
COURSE_6,BTech(CSE)_1_ONL,Sem1,Lecture,1,1,Online,1
COURSE_7,MCA_3_A,Sem3,Lecture,1,1,Offline,1
COURSE_7,MCA_3_A,Sem3,Lab,2,1,Offline,2
COURSE_7,MCA_3_B,Sem3,Lecture,1,1,Offline,1
COURSE_7,MCA_3_B,Sem3,Lab,2,1,Offline,2
COURSE_7,MCA_3_C,Sem3,Lecture,1,1,Offline,1
COURSE_7,MCA_3_C,Sem3,Lab,2,1,Offline,2
COURSE_7,MCA_3_D,Sem3,Lecture,1,1,Offline,1
COURSE_7,MCA_3_D,Sem3,Lab,2,1,Offline,2
COURSE_7,MCA_3_ONL,Sem3,Lecture,1,1,Online,1
COURSE_8,BTech(IT)_1_A,Sem1,Lecture,1,1,Offline,1
COURSE_8,BTech(IT)_1_A,Sem1,Lab,2,1,Offline,2
COURSE_8,BTech(IT)_1_B,Sem1,Lecture,1,1,Offline,1
COURSE_8,BTech(IT)_1_B,Sem1,Lab,2,1,Offline,2
COURSE_8,BTech(IT)_1_C,Sem1,Lecture,1,1,Offline,1
COURSE_8,BTech(IT)_1_C,Sem1,Lab,2,1,Offline,2
COURSE_8,BTech(IT)_1_D,Sem1,Lecture,1,1,Offline,1
COURSE_8,BTech(IT)_1_D,Sem1,Lab,2,1,Offline,2
COURSE_8,BTech(IT)_1_ONL,Sem1,Lecture,1,1,Online,1
COURSE_9,BTech(CSE)_8_A,Sem8,Lecture,1,1,Offline,1
COURSE_9,BTech(CSE)_8_A,Sem8,Lab,2,1,Offline,2
COURSE_9,BTech(CSE)_8_B,Sem8,Lecture,1,1,Offline,1
COURSE_9,BTech(CSE)_8_B,Sem8,Lab,2,1,Offline,2
COURSE_9,BTech(CSE)_8_C,Sem8,Lecture,1,1,Offline,1
COURSE_9,BTech(CSE)_8_C,Sem8,Lab,2,1,Offline,2
COURSE_9,BTech(CSE)_8_D,Sem8,Lecture,1,1,Offline,1
COURSE_9,BTech(CSE)_8_D,Sem8,Lab,2,1,Offline,2
COURSE_9,BTech(CSE)_8_ONL,Sem8,Lecture,1,1,Online,1
COURSE_10,MCA_1_A,Sem1,Lecture,1,1,Offline,1
COURSE_10,MCA_1_B,Sem1,Lecture,1,1,Offline,1
COURSE_10,MCA_1_C,Sem1,Lecture,1,1,Offline,1
COURSE_10,MCA_1_D,Sem1,Lecture,1,1,Offline,1
COURSE_10,MCA_1_ONL,Sem1,Lecture,1,1,Online,1
COURSE_11,BTech(CyberS)_4_A,Sem4,Lecture,1,2,Offline,2
COURSE_11,BTech(CyberS)_4_B,Sem4,Lecture,1,2,Offline,2
COURSE_11,BTech(CyberS)_4_C,Sem4,Lecture,1,2,Offline,2
COURSE_11,BTech(CyberS)_4_D,Sem4,Lecture,1,2,Offline,2
COURSE_11,BTech(CyberS)_4_ONL,Sem4,Lecture,1,1,Online,1
COURSE_12,BCA_2_A,Sem2,Lecture,1,1,Offline,1
COURSE_12,BCA_2_B,Sem2,Lecture,1,1,Offline,1
COURSE_12,BCA_2_C,Sem2,Lecture,1,1,Offline,1
COURSE_12,BCA_2_D,Sem2,Lecture,1,1,Offline,1
COURSE_12,BCA_2_ONL,Sem2,Lecture,1,1,Online,1
COURSE_13,BTech(CyberS)_8_A,Sem8,Lecture,1,1,Offline,1
COURSE_13,BTech(CyberS)_8_B,Sem8,Lecture,1,1,Offline,1
COURSE_13,BTech(CyberS)_8_C,Sem8,Lecture,1,1,Offline,1
COURSE_13,BTech(CyberS)_8_D,Sem8,Lecture,1,1,Offline,1
COURSE_13,BTech(CyberS)_8_ONL,Sem8,Lecture,1,1,Online,1
COURSE_14,BTech(CyberS)_8_A,Sem8,Lecture,1,2,Offline,2
COURSE_14,BTech(CyberS)_8_B,Sem8,Lecture,1,2,Offline,2
COURSE_14,BTech(CyberS)_8_C,Sem8,Lecture,1,2,Offline,2
COURSE_14,BTech(CyberS)_8_D,Sem8,Lecture,1,2,Offline,2
COURSE_14,BTech(CyberS)_8_ONL,Sem8,Lecture,1,1,Online,1
COURSE_15,BTech(IT)_2_A,Sem2,Lecture,1,1,Offline,1
COURSE_15,BTech(IT)_2_B,Sem2,Lecture,1,1,Offline,1
COURSE_15,BTech(IT)_2_C,Sem2,Lecture,1,1,Offline,1
COURSE_15,BTech(IT)_2_D,Sem2,Lecture,1,1,Offline,1
COURSE_15,BTech(IT)_2_ONL,Sem2,Lecture,1,1,Online,1
COURSE_16,BTech(CSE)_6_A,Sem6,Lecture,1,2,Offline,2
COURSE_16,BTech(CSE)_6_A,Sem6,Lab,2,1,Offline,2
COURSE_16,BTech(CSE)_6_B,Sem6,Lecture,1,2,Offline,2
COURSE_16,BTech(CSE)_6_B,Sem6,Lab,2,1,Offline,2
COURSE_16,BTech(CSE)_6_C,Sem6,Lecture,1,2,Offline,2
COURSE_16,BTech(CSE)_6_C,Sem6,Lab,2,1,Offline,2
COURSE_16,BTech(CSE)_6_D,Sem6,Lecture,1,2,Offline,2
COURSE_16,BTech(CSE)_6_D,Sem6,Lab,2,1,Offline,2
COURSE_16,BTech(CSE)_6_ONL,Sem6,Lecture,1,1,Online,1
COURSE_17,BTech(IT)_3_A,Sem3,Lecture,1,2,Offline,2
COURSE_17,BTech(IT)_3_B,Sem3,Lecture,1,2,Offline,2
COURSE_17,BTech(IT)_3_C,Sem3,Lecture,1,2,Offline,2
COURSE_17,BTech(IT)_3_D,Sem3,Lecture,1,2,Offline,2
COURSE_17,BTech(IT)_3_ONL,Sem3,Lecture,1,1,Online,1
COURSE_18,BTech(CyberS)_4_A,Sem4,Lecture,1,1,Offline,1
COURSE_18,BTech(CyberS)_4_B,Sem4,Lecture,1,1,Offline,1
COURSE_18,BTech(CyberS)_4_C,Sem4,Lecture,1,1,Offline,1
COURSE_18,BTech(CyberS)_4_D,Sem4,Lecture,1,1,Offline,1
COURSE_18,BTech(CyberS)_4_ONL,Sem4,Lecture,1,1,Online,1
COURSE_19,BTech(CSE)_3_A,Sem3,Lecture,1,1,Offline,1
COURSE_19,BTech(CSE)_3_B,Sem3,Lecture,1,1,Offline,1
COURSE_19,BTech(CSE)_3_C,Sem3,Lecture,1,1,Offline,1
COURSE_19,BTech(CSE)_3_D,Sem3,Lecture,1,1,Offline,1
COURSE_19,BTech(CSE)_3_ONL,Sem3,Lecture,1,1,Online,1
COURSE_20,BTech(CyberS)_3_A,Sem3,Lecture,1,2,Offline,2
COURSE_20,BTech(CyberS)_3_B,Sem3,Lecture,1,2,Offline,2
COURSE_20,BTech(CyberS)_3_C,Sem3,Lecture,1,2,Offline,2
COURSE_20,BTech(CyberS)_3_D,Sem3,Lecture,1,2,Offline,2
COURSE_20,BTech(CyberS)_3_ONL,Sem3,Lecture,1,1,Online,1
COURSE_21,BTech(IT)_1_A,Sem1,Lecture,1,1,Offline,1
COURSE_21,BTech(IT)_1_B,Sem1,Lecture,1,1,Offline,1
COURSE_21,BTech(IT)_1_C,Sem1,Lecture,1,1,Offline,1
COURSE_21,BTech(IT)_1_D,Sem1,Lecture,1,1,Offline,1
COURSE_21,BTech(IT)_1_ONL,Sem1,Lecture,1,1,Online,1
COURSE_22,MTech_2_A,Sem2,Lecture,1,1,Offline,1
COURSE_22,MTech_2_B,Sem2,Lecture,1,1,Offline,1
COURSE_22,MTech_2_C,Sem2,Lecture,1,1,Offline,1
COURSE_22,MTech_2_D,Sem2,Lecture,1,1,Offline,1
COURSE_22,MTech_2_ONL,Sem2,Lecture,1,1,Online,1
COURSE_23,BTech(CSE)_1_A,Sem1,Lecture,1,2,Offline,2
COURSE_23,BTech(CSE)_1_B,Sem1,Lecture,1,2,Offline,2
COURSE_23,BTech(CSE)_1_C,Sem1,Lecture,1,2,Offline,2
COURSE_23,BTech(CSE)_1_D,Sem1,Lecture,1,2,Offline,2
COURSE_23,BTech(CSE)_1_ONL,Sem1,Lecture,1,1,Online,1
COURSE_24,BTech(CyberS)_6_A,Sem6,Lecture,1,2,Offline,2
COURSE_24,BTech(CyberS)_6_B,Sem6,Lecture,1,2,Offline,2
COURSE_24,BTech(CyberS)_6_C,Sem6,Lecture,1,2,Offline,2
COURSE_24,BTech(CyberS)_6_D,Sem6,Lecture,1,2,Offline,2
COURSE_24,BTech(CyberS)_6_ONL,Sem6,Lecture,1,1,Online,1
COURSE_25,BTech(CSE)_1_A,Sem1,Lecture,1,2,Offline,2
COURSE_25,BTech(CSE)_1_B,Sem1,Lecture,1,2,Offline,2
COURSE_25,BTech(CSE)_1_C,Sem1,Lecture,1,2,Offline,2
COURSE_25,BTech(CSE)_1_D,Sem1,Lecture,1,2,Offline,2
COURSE_25,BTech(CSE)_1_ONL,Sem1,Lecture,1,1,Online,1
COURSE_26,BTech(CyberS)_3_A,Sem3,Lecture,1,1,Offline,1
COURSE_26,BTech(CyberS)_3_A,Sem3,Lab,2,1,Offline,2
COURSE_26,BTech(CyberS)_3_B,Sem3,Lecture,1,1,Offline,1
COURSE_26,BTech(CyberS)_3_B,Sem3,Lab,2,1,Offline,2
COURSE_26,BTech(CyberS)_3_C,Sem3,Lecture,1,1,Offline,1
COURSE_26,BTech(CyberS)_3_C,Sem3,Lab,2,1,Offline,2
COURSE_26,BTech(CyberS)_3_D,Sem3,Lecture,1,1,Offline,1
COURSE_26,BTech(CyberS)_3_D,Sem3,Lab,2,1,Offline,2
COURSE_26,BTech(CyberS)_3_ONL,Sem3,Lecture,1,1,Online,1
COURSE_27,BTech(IT)_5_A,Sem5,Lecture,1,2,Offline,2
COURSE_27,BTech(IT)_5_B,Sem5,Lecture,1,2,Offline,2
COURSE_27,BTech(IT)_5_C,Sem5,Lecture,1,2,Offline,2
COURSE_27,BTech(IT)_5_D,Sem5,Lecture,1,2,Offline,2
COURSE_27,BTech(IT)_5_ONL,Sem5,Lecture,1,1,Online,1
COURSE_28,BTech(CyberS)_7_A,Sem7,Lecture,1,2,Offline,2
COURSE_28,BTech(CyberS)_7_B,Sem7,Lecture,1,2,Offline,2
COURSE_28,BTech(CyberS)_7_C,Sem7,Lecture,1,2,Offline,2
COURSE_28,BTech(CyberS)_7_D,Sem7,Lecture,1,2,Offline,2
COURSE_28,BTech(CyberS)_7_ONL,Sem7,Lecture,1,1,Online,1
COURSE_29,BTech(IT)_3_A,Sem3,Lecture,1,2,Offline,2
COURSE_29,BTech(IT)_3_B,Sem3,Lecture,1,2,Offline,2
COURSE_29,BTech(IT)_3_C,Sem3,Lecture,1,2,Offline,2
COURSE_29,BTech(IT)_3_D,Sem3,Lecture,1,2,Offline,2
COURSE_29,BTech(IT)_3_ONL,Sem3,Lecture,1,1,Online,1
COURSE_30,BTech(IT)_8_A,Sem8,Lecture,1,2,Offline,2
COURSE_30,BTech(IT)_8_B,Sem8,Lecture,1,2,Offline,2
COURSE_30,BTech(IT)_8_C,Sem8,Lecture,1,2,Offline,2
COURSE_30,BTech(IT)_8_D,Sem8,Lecture,1,2,Offline,2
COURSE_30,BTech(IT)_8_ONL,Sem8,Lecture,1,1,Online,1
COURSE_31,BTech(CSE)_3_A,Sem3,Lecture,1,1,Offline,1
COURSE_31,BTech(CSE)_3_B,Sem3,Lecture,1,1,Offline,1
COURSE_31,BTech(CSE)_3_C,Sem3,Lecture,1,1,Offline,1
COURSE_31,BTech(CSE)_3_D,Sem3,Lecture,1,1,Offline,1
COURSE_31,BTech(CSE)_3_ONL,Sem3,Lecture,1,1,Online,1
COURSE_32,BTech(IT)_2_A,Sem2,Lecture,1,2,Offline,2
COURSE_32,BTech(IT)_2_A,Sem2,Lab,2,1,Offline,2
COURSE_32,BTech(IT)_2_B,Sem2,Lecture,1,2,Offline,2
COURSE_32,BTech(IT)_2_B,Sem2,Lab,2,1,Offline,2
COURSE_32,BTech(IT)_2_C,Sem2,Lecture,1,2,Offline,2
COURSE_32,BTech(IT)_2_C,Sem2,Lab,2,1,Offline,2
COURSE_32,BTech(IT)_2_D,Sem2,Lecture,1,2,Offline,2
COURSE_32,BTech(IT)_2_D,Sem2,Lab,2,1,Offline,2
COURSE_32,BTech(IT)_2_ONL,Sem2,Lecture,1,1,Online,1
COURSE_33,MTech_3_A,Sem3,Lecture,1,1,Offline,1
COURSE_33,MTech_3_B,Sem3,Lecture,1,1,Offline,1
COURSE_33,MTech_3_C,Sem3,Lecture,1,1,Offline,1
COURSE_33,MTech_3_D,Sem3,Lecture,1,1,Offline,1
COURSE_33,MTech_3_ONL,Sem3,Lecture,1,1,Online,1
COURSE_34,MCA_2_A,Sem2,Lecture,1,2,Offline,2
COURSE_34,MCA_2_A,Sem2,Lab,2,1,Offline,2
COURSE_34,MCA_2_B,Sem2,Lecture,1,2,Offline,2
COURSE_34,MCA_2_B,Sem2,Lab,2,1,Offline,2
COURSE_34,MCA_2_C,Sem2,Lecture,1,2,Offline,2
COURSE_34,MCA_2_C,Sem2,Lab,2,1,Offline,2
COURSE_34,MCA_2_D,Sem2,Lecture,1,2,Offline,2
COURSE_34,MCA_2_D,Sem2,Lab,2,1,Offline,2
COURSE_34,MCA_2_ONL,Sem2,Lecture,1,1,Online,1
COURSE_35,BTech(CSE)_4_A,Sem4,Lecture,1,1,Offline,1
COURSE_35,BTech(CSE)_4_B,Sem4,Lecture,1,1,Offline,1
COURSE_35,BTech(CSE)_4_C,Sem4,Lecture,1,1,Offline,1
COURSE_35,BTech(CSE)_4_D,Sem4,Lecture,1,1,Offline,1
COURSE_35,BTech(CSE)_4_ONL,Sem4,Lecture,1,1,Online,1
COURSE_36,BTech(CyberS)_1_A,Sem1,Lecture,1,2,Offline,2
COURSE_36,BTech(CyberS)_1_A,Sem1,Lab,2,1,Offline,2
COURSE_36,BTech(CyberS)_1_B,Sem1,Lecture,1,2,Offline,2
COURSE_36,BTech(CyberS)_1_B,Sem1,Lab,2,1,Offline,2
COURSE_36,BTech(CyberS)_1_C,Sem1,Lecture,1,2,Offline,2
COURSE_36,BTech(CyberS)_1_C,Sem1,Lab,2,1,Offline,2
COURSE_36,BTech(CyberS)_1_D,Sem1,Lecture,1,2,Offline,2
COURSE_36,BTech(CyberS)_1_D,Sem1,Lab,2,1,Offline,2
COURSE_36,BTech(CyberS)_1_ONL,Sem1,Lecture,1,1,Online,1
COURSE_37,BTech(CyberS)_3_A,Sem3,Lecture,1,1,Offline,1
COURSE_37,BTech(CyberS)_3_B,Sem3,Lecture,1,1,Offline,1
COURSE_37,BTech(CyberS)_3_C,Sem3,Lecture,1,1,Offline,1
COURSE_37,BTech(CyberS)_3_D,Sem3,Lecture,1,1,Offline,1
COURSE_37,BTech(CyberS)_3_ONL,Sem3,Lecture,1,1,Online,1
COURSE_38,MCA_4_A,Sem4,Lecture,1,2,Offline,2
COURSE_38,MCA_4_A,Sem4,Lab,2,1,Offline,2
COURSE_38,MCA_4_B,Sem4,Lecture,1,2,Offline,2
COURSE_38,MCA_4_B,Sem4,Lab,2,1,Offline,2
COURSE_38,MCA_4_C,Sem4,Lecture,1,2,Offline,2
COURSE_38,MCA_4_C,Sem4,Lab,2,1,Offline,2
COURSE_38,MCA_4_D,Sem4,Lecture,1,2,Offline,2
COURSE_38,MCA_4_D,Sem4,Lab,2,1,Offline,2
COURSE_38,MCA_4_ONL,Sem4,Lecture,1,1,Online,1
COURSE_39,BTech(CyberS)_1_A,Sem1,Lecture,1,2,Offline,2
COURSE_39,BTech(CyberS)_1_B,Sem1,Lecture,1,2,Offline,2
COURSE_39,BTech(CyberS)_1_C,Sem1,Lecture,1,2,Offline,2
COURSE_39,BTech(CyberS)_1_D,Sem1,Lecture,1,2,Offline,2
COURSE_39,BTech(CyberS)_1_ONL,Sem1,Lecture,1,1,Online,1
COURSE_40,BTech(CyberS)_2_A,Sem2,Lecture,1,1,Offline,1
COURSE_40,BTech(CyberS)_2_A,Sem2,Lab,2,1,Offline,2
COURSE_40,BTech(CyberS)_2_B,Sem2,Lecture,1,1,Offline,1
COURSE_40,BTech(CyberS)_2_B,Sem2,Lab,2,1,Offline,2
COURSE_40,BTech(CyberS)_2_C,Sem2,Lecture,1,1,Offline,1
COURSE_40,BTech(CyberS)_2_C,Sem2,Lab,2,1,Offline,2
COURSE_40,BTech(CyberS)_2_D,Sem2,Lecture,1,1,Offline,1
COURSE_40,BTech(CyberS)_2_D,Sem2,Lab,2,1,Offline,2
COURSE_40,BTech(CyberS)_2_ONL,Sem2,Lecture,1,1,Online,1
COURSE_41,BCA_3_A,Sem3,Lecture,1,2,Offline,2
COURSE_41,BCA_3_B,Sem3,Lecture,1,2,Offline,2
COURSE_41,BCA_3_C,Sem3,Lecture,1,2,Offline,2
COURSE_41,BCA_3_D,Sem3,Lecture,1,2,Offline,2
COURSE_41,BCA_3_ONL,Sem3,Lecture,1,1,Online,1
COURSE_42,BTech(IT)_1_A,Sem1,Lecture,1,1,Offline,1
COURSE_42,BTech(IT)_1_B,Sem1,Lecture,1,1,Offline,1
COURSE_42,BTech(IT)_1_C,Sem1,Lecture,1,1,Offline,1
COURSE_42,BTech(IT)_1_D,Sem1,Lecture,1,1,Offline,1
COURSE_42,BTech(IT)_1_ONL,Sem1,Lecture,1,1,Online,1
COURSE_43,BCA_1_A,Sem1,Lecture,1,2,Offline,2
COURSE_43,BCA_1_B,Sem1,Lecture,1,2,Offline,2
COURSE_43,BCA_1_C,Sem1,Lecture,1,2,Offline,2
COURSE_43,BCA_1_D,Sem1,Lecture,1,2,Offline,2
COURSE_43,BCA_1_ONL,Sem1,Lecture,1,1,Online,1
COURSE_44,BTech(CSE)_6_A,Sem6,Lecture,1,1,Offline,1
COURSE_44,BTech(CSE)_6_B,Sem6,Lecture,1,1,Offline,1
COURSE_44,BTech(CSE)_6_C,Sem6,Lecture,1,1,Offline,1
COURSE_44,BTech(CSE)_6_D,Sem6,Lecture,1,1,Offline,1
COURSE_44,BTech(CSE)_6_ONL,Sem6,Lecture,1,1,Online,1
COURSE_45,BTech(IT)_4_A,Sem4,Lecture,1,1,Offline,1
COURSE_45,BTech(IT)_4_A,Sem4,Lab,2,1,Offline,2
COURSE_45,BTech(IT)_4_B,Sem4,Lecture,1,1,Offline,1
COURSE_45,BTech(IT)_4_B,Sem4,Lab,2,1,Offline,2
COURSE_45,BTech(IT)_4_C,Sem4,Lecture,1,1,Offline,1
COURSE_45,BTech(IT)_4_C,Sem4,Lab,2,1,Offline,2
COURSE_45,BTech(IT)_4_D,Sem4,Lecture,1,1,Offline,1
COURSE_45,BTech(IT)_4_D,Sem4,Lab,2,1,Offline,2
COURSE_45,BTech(IT)_4_ONL,Sem4,Lecture,1,1,Online,1
COURSE_46,MCA_1_A,Sem1,Lecture,1,2,Offline,2
COURSE_46,MCA_1_B,Sem1,Lecture,1,2,Offline,2
COURSE_46,MCA_1_C,Sem1,Lecture,1,2,Offline,2
COURSE_46,MCA_1_D,Sem1,Lecture,1,2,Offline,2
COURSE_46,MCA_1_ONL,Sem1,Lecture,1,1,Online,1
COURSE_47,MTech_2_A,Sem2,Lecture,1,2,Offline,2
COURSE_47,MTech_2_B,Sem2,Lecture,1,2,Offline,2
COURSE_47,MTech_2_C,Sem2,Lecture,1,2,Offline,2
COURSE_47,MTech_2_D,Sem2,Lecture,1,2,Offline,2
COURSE_47,MTech_2_ONL,Sem2,Lecture,1,1,Online,1
COURSE_48,MTech_4_A,Sem4,Lecture,1,1,Offline,1
COURSE_48,MTech_4_A,Sem4,Lab,2,1,Offline,2
COURSE_48,MTech_4_B,Sem4,Lecture,1,1,Offline,1
COURSE_48,MTech_4_B,Sem4,Lab,2,1,Offline,2
COURSE_48,MTech_4_C,Sem4,Lecture,1,1,Offline,1
COURSE_48,MTech_4_C,Sem4,Lab,2,1,Offline,2
COURSE_48,MTech_4_D,Sem4,Lecture,1,1,Offline,1
COURSE_48,MTech_4_D,Sem4,Lab,2,1,Offline,2
COURSE_48,MTech_4_ONL,Sem4,Lecture,1,1,Online,1
COURSE_49,BTech(CyberS)_2_A,Sem2,Lecture,1,1,Offline,1
COURSE_49,BTech(CyberS)_2_B,Sem2,Lecture,1,1,Offline,1
COURSE_49,BTech(CyberS)_2_C,Sem2,Lecture,1,1,Offline,1
COURSE_49,BTech(CyberS)_2_D,Sem2,Lecture,1,1,Offline,1
COURSE_49,BTech(CyberS)_2_ONL,Sem2,Lecture,1,1,Online,1
COURSE_50,BTech(CSE)_7_A,Sem7,Lecture,1,1,Offline,1
COURSE_50,BTech(CSE)_7_B,Sem7,Lecture,1,1,Offline,1
COURSE_50,BTech(CSE)_7_C,Sem7,Lecture,1,1,Offline,1
COURSE_50,BTech(CSE)_7_D,Sem7,Lecture,1,1,Offline,1
COURSE_50,BTech(CSE)_7_ONL,Sem7,Lecture,1,1,Online,1
COURSE_51,BTech(IT)_1_A,Sem1,Lecture,1,1,Offline,1
COURSE_51,BTech(IT)_1_B,Sem1,Lecture,1,1,Offline,1
COURSE_51,BTech(IT)_1_C,Sem1,Lecture,1,1,Offline,1
COURSE_51,BTech(IT)_1_D,Sem1,Lecture,1,1,Offline,1
COURSE_51,BTech(IT)_1_ONL,Sem1,Lecture,1,1,Online,1
COURSE_52,BTech(IT)_1_A,Sem1,Lecture,1,2,Offline,2
COURSE_52,BTech(IT)_1_B,Sem1,Lecture,1,2,Offline,2
COURSE_52,BTech(IT)_1_C,Sem1,Lecture,1,2,Offline,2
COURSE_52,BTech(IT)_1_D,Sem1,Lecture,1,2,Offline,2
COURSE_52,BTech(IT)_1_ONL,Sem1,Lecture,1,1,Online,1
COURSE_53,BTech(IT)_2_A,Sem2,Lecture,1,1,Offline,1
COURSE_53,BTech(IT)_2_A,Sem2,Lab,2,1,Offline,2
COURSE_53,BTech(IT)_2_B,Sem2,Lecture,1,1,Offline,1
COURSE_53,BTech(IT)_2_B,Sem2,Lab,2,1,Offline,2
COURSE_53,BTech(IT)_2_C,Sem2,Lecture,1,1,Offline,1
COURSE_53,BTech(IT)_2_C,Sem2,Lab,2,1,Offline,2
COURSE_53,BTech(IT)_2_D,Sem2,Lecture,1,1,Offline,1
COURSE_53,BTech(IT)_2_D,Sem2,Lab,2,1,Offline,2
COURSE_53,BTech(IT)_2_ONL,Sem2,Lecture,1,1,Online,1
COURSE_54,MTech_3_A,Sem3,Lecture,1,2,Offline,2
COURSE_54,MTech_3_B,Sem3,Lecture,1,2,Offline,2
COURSE_54,MTech_3_C,Sem3,Lecture,1,2,Offline,2
COURSE_54,MTech_3_D,Sem3,Lecture,1,2,Offline,2
COURSE_54,MTech_3_ONL,Sem3,Lecture,1,1,Online,1
COURSE_55,BTech(IT)_4_A,Sem4,Lecture,1,2,Offline,2
COURSE_55,BTech(IT)_4_B,Sem4,Lecture,1,2,Offline,2
COURSE_55,BTech(IT)_4_C,Sem4,Lecture,1,2,Offline,2
COURSE_55,BTech(IT)_4_D,Sem4,Lecture,1,2,Offline,2
COURSE_55,BTech(IT)_4_ONL,Sem4,Lecture,1,1,Online,1
COURSE_56,BTech(IT)_4_A,Sem4,Lecture,1,1,Offline,1
COURSE_56,BTech(IT)_4_B,Sem4,Lecture,1,1,Offline,1
COURSE_56,BTech(IT)_4_C,Sem4,Lecture,1,1,Offline,1
COURSE_56,BTech(IT)_4_D,Sem4,Lecture,1,1,Offline,1
COURSE_56,BTech(IT)_4_ONL,Sem4,Lecture,1,1,Online,1
COURSE_57,MTech_3_A,Sem3,Lecture,1,1,Offline,1
COURSE_57,MTech_3_B,Sem3,Lecture,1,1,Offline,1
COURSE_57,MTech_3_C,Sem3,Lecture,1,1,Offline,1
COURSE_57,MTech_3_D,Sem3,Lecture,1,1,Offline,1
COURSE_57,MTech_3_ONL,Sem3,Lecture,1,1,Online,1
COURSE_58,MTech_4_A,Sem4,Lecture,1,1,Offline,1
COURSE_58,MTech_4_B,Sem4,Lecture,1,1,Offline,1
COURSE_58,MTech_4_C,Sem4,Lecture,1,1,Offline,1
COURSE_58,MTech_4_D,Sem4,Lecture,1,1,Offline,1
COURSE_58,MTech_4_ONL,Sem4,Lecture,1,1,Online,1
COURSE_59,BTech(CyberS)_6_A,Sem6,Lecture,1,1,Offline,1
COURSE_59,BTech(CyberS)_6_B,Sem6,Lecture,1,1,Offline,1
COURSE_59,BTech(CyberS)_6_C,Sem6,Lecture,1,1,Offline,1
COURSE_59,BTech(CyberS)_6_D,Sem6,Lecture,1,1,Offline,1
COURSE_59,BTech(CyberS)_6_ONL,Sem6,Lecture,1,1,Online,1
COURSE_60,MCA_3_A,Sem3,Lecture,1,2,Offline,2
COURSE_60,MCA_3_B,Sem3,Lecture,1,2,Offline,2
COURSE_60,MCA_3_C,Sem3,Lecture,1,2,Offline,2
COURSE_60,MCA_3_D,Sem3,Lecture,1,2,Offline,2
COURSE_60,MCA_3_ONL,Sem3,Lecture,1,1,Online,1
COURSE_61,MTech_1_A,Sem1,Lecture,1,2,Offline,2
COURSE_61,MTech_1_B,Sem1,Lecture,1,2,Offline,2
COURSE_61,MTech_1_C,Sem1,Lecture,1,2,Offline,2
COURSE_61,MTech_1_D,Sem1,Lecture,1,2,Offline,2
COURSE_61,MTech_1_ONL,Sem1,Lecture,1,1,Online,1
COURSE_62,BTech(CyberS)_6_A,Sem6,Lecture,1,1,Offline,1
COURSE_62,BTech(CyberS)_6_B,Sem6,Lecture,1,1,Offline,1
COURSE_62,BTech(CyberS)_6_C,Sem6,Lecture,1,1,Offline,1
COURSE_62,BTech(CyberS)_6_D,Sem6,Lecture,1,1,Offline,1
COURSE_62,BTech(CyberS)_6_ONL,Sem6,Lecture,1,1,Online,1
COURSE_63,BTech(CSE)_1_A,Sem1,Lecture,1,1,Offline,1
COURSE_63,BTech(CSE)_1_B,Sem1,Lecture,1,1,Offline,1
COURSE_63,BTech(CSE)_1_C,Sem1,Lecture,1,1,Offline,1
COURSE_63,BTech(CSE)_1_D,Sem1,Lecture,1,1,Offline,1
COURSE_63,BTech(CSE)_1_ONL,Sem1,Lecture,1,1,Online,1
COURSE_64,BTech(CyberS)_3_A,Sem3,Lecture,1,2,Offline,2
COURSE_64,BTech(CyberS)_3_A,Sem3,Lab,2,1,Offline,2
COURSE_64,BTech(CyberS)_3_B,Sem3,Lecture,1,2,Offline,2
COURSE_64,BTech(CyberS)_3_B,Sem3,Lab,2,1,Offline,2
COURSE_64,BTech(CyberS)_3_C,Sem3,Lecture,1,2,Offline,2
COURSE_64,BTech(CyberS)_3_C,Sem3,Lab,2,1,Offline,2
COURSE_64,BTech(CyberS)_3_D,Sem3,Lecture,1,2,Offline,2
COURSE_64,BTech(CyberS)_3_D,Sem3,Lab,2,1,Offline,2
COURSE_64,BTech(CyberS)_3_ONL,Sem3,Lecture,1,1,Online,1
COURSE_65,BTech(CyberS)_6_A,Sem6,Lecture,1,2,Offline,2
COURSE_65,BTech(CyberS)_6_B,Sem6,Lecture,1,2,Offline,2
COURSE_65,BTech(CyberS)_6_C,Sem6,Lecture,1,2,Offline,2
COURSE_65,BTech(CyberS)_6_D,Sem6,Lecture,1,2,Offline,2
COURSE_65,BTech(CyberS)_6_ONL,Sem6,Lecture,1,1,Online,1
COURSE_66,BTech(CSE)_2_A,Sem2,Lecture,1,1,Offline,1
COURSE_66,BTech(CSE)_2_A,Sem2,Lab,2,1,Offline,2
COURSE_66,BTech(CSE)_2_B,Sem2,Lecture,1,1,Offline,1
COURSE_66,BTech(CSE)_2_B,Sem2,Lab,2,1,Offline,2
COURSE_66,BTech(CSE)_2_C,Sem2,Lecture,1,1,Offline,1
COURSE_66,BTech(CSE)_2_C,Sem2,Lab,2,1,Offline,2
COURSE_66,BTech(CSE)_2_D,Sem2,Lecture,1,1,Offline,1
COURSE_66,BTech(CSE)_2_D,Sem2,Lab,2,1,Offline,2
COURSE_66,BTech(CSE)_2_ONL,Sem2,Lecture,1,1,Online,1
COURSE_67,BTech(CSE)_4_A,Sem4,Lecture,1,1,Offline,1
COURSE_67,BTech(CSE)_4_A,Sem4,Lab,2,1,Offline,2
COURSE_67,BTech(CSE)_4_B,Sem4,Lecture,1,1,Offline,1
COURSE_67,BTech(CSE)_4_B,Sem4,Lab,2,1,Offline,2
COURSE_67,BTech(CSE)_4_C,Sem4,Lecture,1,1,Offline,1
COURSE_67,BTech(CSE)_4_C,Sem4,Lab,2,1,Offline,2
COURSE_67,BTech(CSE)_4_D,Sem4,Lecture,1,1,Offline,1
COURSE_67,BTech(CSE)_4_D,Sem4,Lab,2,1,Offline,2
COURSE_67,BTech(CSE)_4_ONL,Sem4,Lecture,1,1,Online,1
COURSE_68,BTech(CyberS)_8_A,Sem8,Lecture,1,2,Offline,2
COURSE_68,BTech(CyberS)_8_A,Sem8,Lab,2,1,Offline,2
COURSE_68,BTech(CyberS)_8_B,Sem8,Lecture,1,2,Offline,2
COURSE_68,BTech(CyberS)_8_B,Sem8,Lab,2,1,Offline,2
COURSE_68,BTech(CyberS)_8_C,Sem8,Lecture,1,2,Offline,2
COURSE_68,BTech(CyberS)_8_C,Sem8,Lab,2,1,Offline,2
COURSE_68,BTech(CyberS)_8_D,Sem8,Lecture,1,2,Offline,2
COURSE_68,BTech(CyberS)_8_D,Sem8,Lab,2,1,Offline,2
COURSE_68,BTech(CyberS)_8_ONL,Sem8,Lecture,1,1,Online,1
COURSE_69,MTech_3_A,Sem3,Lecture,1,1,Offline,1
COURSE_69,MTech_3_B,Sem3,Lecture,1,1,Offline,1
COURSE_69,MTech_3_C,Sem3,Lecture,1,1,Offline,1
COURSE_69,MTech_3_D,Sem3,Lecture,1,1,Offline,1
COURSE_69,MTech_3_ONL,Sem3,Lecture,1,1,Online,1
COURSE_70,BTech(IT)_7_A,Sem7,Lecture,1,2,Offline,2
COURSE_70,BTech(IT)_7_B,Sem7,Lecture,1,2,Offline,2
COURSE_70,BTech(IT)_7_C,Sem7,Lecture,1,2,Offline,2
COURSE_70,BTech(IT)_7_D,Sem7,Lecture,1,2,Offline,2
COURSE_70,BTech(IT)_7_ONL,Sem7,Lecture,1,1,Online,1
COURSE_71,BTech(IT)_7_A,Sem7,Lecture,1,2,Offline,2
COURSE_71,BTech(IT)_7_B,Sem7,Lecture,1,2,Offline,2
COURSE_71,BTech(IT)_7_C,Sem7,Lecture,1,2,Offline,2
COURSE_71,BTech(IT)_7_D,Sem7,Lecture,1,2,Offline,2
COURSE_71,BTech(IT)_7_ONL,Sem7,Lecture,1,1,Online,1
COURSE_72,BCA_3_A,Sem3,Lecture,1,2,Offline,2
COURSE_72,BCA_3_B,Sem3,Lecture,1,2,Offline,2
COURSE_72,BCA_3_C,Sem3,Lecture,1,2,Offline,2
COURSE_72,BCA_3_D,Sem3,Lecture,1,2,Offline,2
COURSE_72,BCA_3_ONL,Sem3,Lecture,1,1,Online,1
COURSE_73,MCA_2_A,Sem2,Lecture,1,1,Offline,1
COURSE_73,MCA_2_B,Sem2,Lecture,1,1,Offline,1
COURSE_73,MCA_2_C,Sem2,Lecture,1,1,Offline,1
COURSE_73,MCA_2_D,Sem2,Lecture,1,1,Offline,1
COURSE_73,MCA_2_ONL,Sem2,Lecture,1,1,Online,1
COURSE_74,BTech(CyberS)_2_A,Sem2,Lecture,1,1,Offline,1
COURSE_74,BTech(CyberS)_2_B,Sem2,Lecture,1,1,Offline,1
COURSE_74,BTech(CyberS)_2_C,Sem2,Lecture,1,1,Offline,1
COURSE_74,BTech(CyberS)_2_D,Sem2,Lecture,1,1,Offline,1
COURSE_74,BTech(CyberS)_2_ONL,Sem2,Lecture,1,1,Online,1
COURSE_75,MTech_2_A,Sem2,Lecture,1,1,Offline,1
COURSE_75,MTech_2_B,Sem2,Lecture,1,1,Offline,1
COURSE_75,MTech_2_C,Sem2,Lecture,1,1,Offline,1
COURSE_75,MTech_2_D,Sem2,Lecture,1,1,Offline,1
COURSE_75,MTech_2_ONL,Sem2,Lecture,1,1,Online,1
COURSE_76,MTech_3_A,Sem3,Lecture,1,2,Offline,2
COURSE_76,MTech_3_B,Sem3,Lecture,1,2,Offline,2
COURSE_76,MTech_3_C,Sem3,Lecture,1,2,Offline,2
COURSE_76,MTech_3_D,Sem3,Lecture,1,2,Offline,2
COURSE_76,MTech_3_ONL,Sem3,Lecture,1,1,Online,1
COURSE_77,BTech(IT)_5_A,Sem5,Lecture,1,1,Offline,1
COURSE_77,BTech(IT)_5_B,Sem5,Lecture,1,1,Offline,1
COURSE_77,BTech(IT)_5_C,Sem5,Lecture,1,1,Offline,1
COURSE_77,BTech(IT)_5_D,Sem5,Lecture,1,1,Offline,1
COURSE_77,BTech(IT)_5_ONL,Sem5,Lecture,1,1,Online,1
COURSE_78,BTech(CyberS)_3_A,Sem3,Lecture,1,2,Offline,2
COURSE_78,BTech(CyberS)_3_B,Sem3,Lecture,1,2,Offline,2
COURSE_78,BTech(CyberS)_3_C,Sem3,Lecture,1,2,Offline,2
COURSE_78,BTech(CyberS)_3_D,Sem3,Lecture,1,2,Offline,2
COURSE_78,BTech(CyberS)_3_ONL,Sem3,Lecture,1,1,Online,1
COURSE_79,MTech_1_A,Sem1,Lecture,1,1,Offline,1
COURSE_79,MTech_1_B,Sem1,Lecture,1,1,Offline,1
COURSE_79,MTech_1_C,Sem1,Lecture,1,1,Offline,1
COURSE_79,MTech_1_D,Sem1,Lecture,1,1,Offline,1
COURSE_79,MTech_1_ONL,Sem1,Lecture,1,1,Online,1
COURSE_80,BCA_1_A,Sem1,Lecture,1,1,Offline,1
COURSE_80,BCA_1_B,Sem1,Lecture,1,1,Offline,1
COURSE_80,BCA_1_C,Sem1,Lecture,1,1,Offline,1
COURSE_80,BCA_1_D,Sem1,Lecture,1,1,Offline,1
COURSE_80,BCA_1_ONL,Sem1,Lecture,1,1,Online,1
COURSE_81,BTech(CSE)_7_A,Sem7,Lecture,1,1,Offline,1
COURSE_81,BTech(CSE)_7_B,Sem7,Lecture,1,1,Offline,1
COURSE_81,BTech(CSE)_7_C,Sem7,Lecture,1,1,Offline,1
COURSE_81,BTech(CSE)_7_D,Sem7,Lecture,1,1,Offline,1
COURSE_81,BTech(CSE)_7_ONL,Sem7,Lecture,1,1,Online,1
COURSE_82,BTech(IT)_6_A,Sem6,Lecture,1,1,Offline,1
COURSE_82,BTech(IT)_6_A,Sem6,Lab,2,1,Offline,2
COURSE_82,BTech(IT)_6_B,Sem6,Lecture,1,1,Offline,1
COURSE_82,BTech(IT)_6_B,Sem6,Lab,2,1,Offline,2
COURSE_82,BTech(IT)_6_C,Sem6,Lecture,1,1,Offline,1
COURSE_82,BTech(IT)_6_C,Sem6,Lab,2,1,Offline,2
COURSE_82,BTech(IT)_6_D,Sem6,Lecture,1,1,Offline,1
COURSE_82,BTech(IT)_6_D,Sem6,Lab,2,1,Offline,2
COURSE_82,BTech(IT)_6_ONL,Sem6,Lecture,1,1,Online,1
COURSE_83,BTech(IT)_4_A,Sem4,Lecture,1,2,Offline,2
COURSE_83,BTech(IT)_4_B,Sem4,Lecture,1,2,Offline,2
COURSE_83,BTech(IT)_4_C,Sem4,Lecture,1,2,Offline,2
COURSE_83,BTech(IT)_4_D,Sem4,Lecture,1,2,Offline,2
COURSE_83,BTech(IT)_4_ONL,Sem4,Lecture,1,1,Online,1
COURSE_84,BTech(CyberS)_5_A,Sem5,Lecture,1,1,Offline,1
COURSE_84,BTech(CyberS)_5_B,Sem5,Lecture,1,1,Offline,1
COURSE_84,BTech(CyberS)_5_C,Sem5,Lecture,1,1,Offline,1
COURSE_84,BTech(CyberS)_5_D,Sem5,Lecture,1,1,Offline,1
COURSE_84,BTech(CyberS)_5_ONL,Sem5,Lecture,1,1,Online,1
COURSE_85,BTech(IT)_6_A,Sem6,Lecture,1,2,Offline,2
COURSE_85,BTech(IT)_6_B,Sem6,Lecture,1,2,Offline,2
COURSE_85,BTech(IT)_6_C,Sem6,Lecture,1,2,Offline,2
COURSE_85,BTech(IT)_6_D,Sem6,Lecture,1,2,Offline,2
COURSE_85,BTech(IT)_6_ONL,Sem6,Lecture,1,1,Online,1
COURSE_86,BTech(CyberS)_4_A,Sem4,Lecture,1,2,Offline,2
COURSE_86,BTech(CyberS)_4_A,Sem4,Lab,2,1,Offline,2
COURSE_86,BTech(CyberS)_4_B,Sem4,Lecture,1,2,Offline,2
COURSE_86,BTech(CyberS)_4_B,Sem4,Lab,2,1,Offline,2
COURSE_86,BTech(CyberS)_4_C,Sem4,Lecture,1,2,Offline,2
COURSE_86,BTech(CyberS)_4_C,Sem4,Lab,2,1,Offline,2
COURSE_86,BTech(CyberS)_4_D,Sem4,Lecture,1,2,Offline,2
COURSE_86,BTech(CyberS)_4_D,Sem4,Lab,2,1,Offline,2
COURSE_86,BTech(CyberS)_4_ONL,Sem4,Lecture,1,1,Online,1
COURSE_87,BTech(CyberS)_8_A,Sem8,Lecture,1,1,Offline,1
COURSE_87,BTech(CyberS)_8_B,Sem8,Lecture,1,1,Offline,1
COURSE_87,BTech(CyberS)_8_C,Sem8,Lecture,1,1,Offline,1
COURSE_87,BTech(CyberS)_8_D,Sem8,Lecture,1,1,Offline,1
COURSE_87,BTech(CyberS)_8_ONL,Sem8,Lecture,1,1,Online,1
COURSE_88,BCA_3_A,Sem3,Lecture,1,2,Offline,2
COURSE_88,BCA_3_B,Sem3,Lecture,1,2,Offline,2
COURSE_88,BCA_3_C,Sem3,Lecture,1,2,Offline,2
COURSE_88,BCA_3_D,Sem3,Lecture,1,2,Offline,2
COURSE_88,BCA_3_ONL,Sem3,Lecture,1,1,Online,1
COURSE_89,MCA_1_A,Sem1,Lecture,1,2,Offline,2
COURSE_89,MCA_1_B,Sem1,Lecture,1,2,Offline,2
COURSE_89,MCA_1_C,Sem1,Lecture,1,2,Offline,2
COURSE_89,MCA_1_D,Sem1,Lecture,1,2,Offline,2
COURSE_89,MCA_1_ONL,Sem1,Lecture,1,1,Online,1
COURSE_90,BTech(CyberS)_5_A,Sem5,Lecture,1,1,Offline,1
COURSE_90,BTech(CyberS)_5_B,Sem5,Lecture,1,1,Offline,1
COURSE_90,BTech(CyberS)_5_C,Sem5,Lecture,1,1,Offline,1
COURSE_90,BTech(CyberS)_5_D,Sem5,Lecture,1,1,Offline,1
COURSE_90,BTech(CyberS)_5_ONL,Sem5,Lecture,1,1,Online,1
COURSE_91,BCA_1_A,Sem1,Lecture,1,2,Offline,2
COURSE_91,BCA_1_B,Sem1,Lecture,1,2,Offline,2
COURSE_91,BCA_1_C,Sem1,Lecture,1,2,Offline,2
COURSE_91,BCA_1_D,Sem1,Lecture,1,2,Offline,2
COURSE_91,BCA_1_ONL,Sem1,Lecture,1,1,Online,1
COURSE_92,BTech(CSE)_5_A,Sem5,Lecture,1,1,Offline,1
COURSE_92,BTech(CSE)_5_B,Sem5,Lecture,1,1,Offline,1
COURSE_92,BTech(CSE)_5_C,Sem5,Lecture,1,1,Offline,1
COURSE_92,BTech(CSE)_5_D,Sem5,Lecture,1,1,Offline,1
COURSE_92,BTech(CSE)_5_ONL,Sem5,Lecture,1,1,Online,1
COURSE_93,BTech(IT)_6_A,Sem6,Lecture,1,2,Offline,2
COURSE_93,BTech(IT)_6_A,Sem6,Lab,2,1,Offline,2
COURSE_93,BTech(IT)_6_B,Sem6,Lecture,1,2,Offline,2
COURSE_93,BTech(IT)_6_B,Sem6,Lab,2,1,Offline,2
COURSE_93,BTech(IT)_6_C,Sem6,Lecture,1,2,Offline,2
COURSE_93,BTech(IT)_6_C,Sem6,Lab,2,1,Offline,2
COURSE_93,BTech(IT)_6_D,Sem6,Lecture,1,2,Offline,2
COURSE_93,BTech(IT)_6_D,Sem6,Lab,2,1,Offline,2
COURSE_93,BTech(IT)_6_ONL,Sem6,Lecture,1,1,Online,1
COURSE_94,BTech(CyberS)_4_A,Sem4,Lecture,1,2,Offline,2
COURSE_94,BTech(CyberS)_4_B,Sem4,Lecture,1,2,Offline,2
COURSE_94,BTech(CyberS)_4_C,Sem4,Lecture,1,2,Offline,2
COURSE_94,BTech(CyberS)_4_D,Sem4,Lecture,1,2,Offline,2
COURSE_94,BTech(CyberS)_4_ONL,Sem4,Lecture,1,1,Online,1
COURSE_95,BCA_2_A,Sem2,Lecture,1,2,Offline,2
COURSE_95,BCA_2_B,Sem2,Lecture,1,2,Offline,2
COURSE_95,BCA_2_C,Sem2,Lecture,1,2,Offline,2
COURSE_95,BCA_2_D,Sem2,Lecture,1,2,Offline,2
COURSE_95,BCA_2_ONL,Sem2,Lecture,1,1,Online,1
COURSE_96,BTech(IT)_6_A,Sem6,Lecture,1,1,Offline,1
COURSE_96,BTech(IT)_6_A,Sem6,Lab,2,1,Offline,2
COURSE_96,BTech(IT)_6_B,Sem6,Lecture,1,1,Offline,1
COURSE_96,BTech(IT)_6_B,Sem6,Lab,2,1,Offline,2
COURSE_96,BTech(IT)_6_C,Sem6,Lecture,1,1,Offline,1
COURSE_96,BTech(IT)_6_C,Sem6,Lab,2,1,Offline,2
COURSE_96,BTech(IT)_6_D,Sem6,Lecture,1,1,Offline,1
COURSE_96,BTech(IT)_6_D,Sem6,Lab,2,1,Offline,2
COURSE_96,BTech(IT)_6_ONL,Sem6,Lecture,1,1,Online,1
COURSE_97,MCA_1_A,Sem1,Lecture,1,2,Offline,2
COURSE_97,MCA_1_B,Sem1,Lecture,1,2,Offline,2
COURSE_97,MCA_1_C,Sem1,Lecture,1,2,Offline,2
COURSE_97,MCA_1_D,Sem1,Lecture,1,2,Offline,2
COURSE_97,MCA_1_ONL,Sem1,Lecture,1,1,Online,1
COURSE_98,MCA_4_A,Sem4,Lecture,1,1,Offline,1
COURSE_98,MCA_4_B,Sem4,Lecture,1,1,Offline,1
COURSE_98,MCA_4_C,Sem4,Lecture,1,1,Offline,1
COURSE_98,MCA_4_D,Sem4,Lecture,1,1,Offline,1
COURSE_98,MCA_4_ONL,Sem4,Lecture,1,1,Online,1
COURSE_99,BTech(IT)_5_A,Sem5,Lecture,1,1,Offline,1
COURSE_99,BTech(IT)_5_B,Sem5,Lecture,1,1,Offline,1
COURSE_99,BTech(IT)_5_C,Sem5,Lecture,1,1,Offline,1
COURSE_99,BTech(IT)_5_D,Sem5,Lecture,1,1,Offline,1
COURSE_99,BTech(IT)_5_ONL,Sem5,Lecture,1,1,Online,1
COURSE_100,MTech_1_A,Sem1,Lecture,1,2,Offline,2
COURSE_100,MTech_1_A,Sem1,Lab,2,1,Offline,2
COURSE_100,MTech_1_B,Sem1,Lecture,1,2,Offline,2
COURSE_100,MTech_1_B,Sem1,Lab,2,1,Offline,2
COURSE_100,MTech_1_C,Sem1,Lecture,1,2,Offline,2
COURSE_100,MTech_1_C,Sem1,Lab,2,1,Offline,2
COURSE_100,MTech_1_D,Sem1,Lecture,1,2,Offline,2
COURSE_100,MTech_1_D,Sem1,Lab,2,1,Offline,2
COURSE_100,MTech_1_ONL,Sem1,Lecture,1,1,Online,1
COURSE_101,MTech_4_A,Sem4,Lecture,1,1,Offline,1
COURSE_101,MTech_4_B,Sem4,Lecture,1,1,Offline,1
COURSE_101,MTech_4_C,Sem4,Lecture,1,1,Offline,1
COURSE_101,MTech_4_D,Sem4,Lecture,1,1,Offline,1
COURSE_101,MTech_4_ONL,Sem4,Lecture,1,1,Online,1
COURSE_102,BTech(CyberS)_8_A,Sem8,Lecture,1,1,Offline,1
COURSE_102,BTech(CyberS)_8_B,Sem8,Lecture,1,1,Offline,1
COURSE_102,BTech(CyberS)_8_C,Sem8,Lecture,1,1,Offline,1
COURSE_102,BTech(CyberS)_8_D,Sem8,Lecture,1,1,Offline,1
COURSE_102,BTech(CyberS)_8_ONL,Sem8,Lecture,1,1,Online,1
COURSE_103,MCA_4_A,Sem4,Lecture,1,2,Offline,2
COURSE_103,MCA_4_B,Sem4,Lecture,1,2,Offline,2
COURSE_103,MCA_4_C,Sem4,Lecture,1,2,Offline,2
COURSE_103,MCA_4_D,Sem4,Lecture,1,2,Offline,2
COURSE_103,MCA_4_ONL,Sem4,Lecture,1,1,Online,1
COURSE_104,MCA_1_A,Sem1,Lecture,1,1,Offline,1
COURSE_104,MCA_1_B,Sem1,Lecture,1,1,Offline,1
COURSE_104,MCA_1_C,Sem1,Lecture,1,1,Offline,1
COURSE_104,MCA_1_D,Sem1,Lecture,1,1,Offline,1
COURSE_104,MCA_1_ONL,Sem1,Lecture,1,1,Online,1
COURSE_105,MTech_4_A,Sem4,Lecture,1,2,Offline,2
COURSE_105,MTech_4_B,Sem4,Lecture,1,2,Offline,2
COURSE_105,MTech_4_C,Sem4,Lecture,1,2,Offline,2
COURSE_105,MTech_4_D,Sem4,Lecture,1,2,Offline,2
COURSE_105,MTech_4_ONL,Sem4,Lecture,1,1,Online,1
COURSE_106,BTech(CyberS)_2_A,Sem2,Lecture,1,1,Offline,1
COURSE_106,BTech(CyberS)_2_B,Sem2,Lecture,1,1,Offline,1
COURSE_106,BTech(CyberS)_2_C,Sem2,Lecture,1,1,Offline,1
COURSE_106,BTech(CyberS)_2_D,Sem2,Lecture,1,1,Offline,1
COURSE_106,BTech(CyberS)_2_ONL,Sem2,Lecture,1,1,Online,1
COURSE_107,MTech_4_A,Sem4,Lecture,1,1,Offline,1
COURSE_107,MTech_4_A,Sem4,Lab,2,1,Offline,2
COURSE_107,MTech_4_B,Sem4,Lecture,1,1,Offline,1
COURSE_107,MTech_4_B,Sem4,Lab,2,1,Offline,2
COURSE_107,MTech_4_C,Sem4,Lecture,1,1,Offline,1
COURSE_107,MTech_4_C,Sem4,Lab,2,1,Offline,2
COURSE_107,MTech_4_D,Sem4,Lecture,1,1,Offline,1
COURSE_107,MTech_4_D,Sem4,Lab,2,1,Offline,2
COURSE_107,MTech_4_ONL,Sem4,Lecture,1,1,Online,1
COURSE_108,BCA_1_A,Sem1,Lecture,1,1,Offline,1
COURSE_108,BCA_1_A,Sem1,Lab,2,1,Offline,2
COURSE_108,BCA_1_B,Sem1,Lecture,1,1,Offline,1
COURSE_108,BCA_1_B,Sem1,Lab,2,1,Offline,2
COURSE_108,BCA_1_C,Sem1,Lecture,1,1,Offline,1
COURSE_108,BCA_1_C,Sem1,Lab,2,1,Offline,2
COURSE_108,BCA_1_D,Sem1,Lecture,1,1,Offline,1
COURSE_108,BCA_1_D,Sem1,Lab,2,1,Offline,2
COURSE_108,BCA_1_ONL,Sem1,Lecture,1,1,Online,1
COURSE_109,BTech(CyberS)_5_A,Sem5,Lecture,1,1,Offline,1
COURSE_109,BTech(CyberS)_5_B,Sem5,Lecture,1,1,Offline,1
COURSE_109,BTech(CyberS)_5_C,Sem5,Lecture,1,1,Offline,1
COURSE_109,BTech(CyberS)_5_D,Sem5,Lecture,1,1,Offline,1
COURSE_109,BTech(CyberS)_5_ONL,Sem5,Lecture,1,1,Online,1
COURSE_110,BCA_3_A,Sem3,Lecture,1,1,Offline,1
COURSE_110,BCA_3_B,Sem3,Lecture,1,1,Offline,1
COURSE_110,BCA_3_C,Sem3,Lecture,1,1,Offline,1
COURSE_110,BCA_3_D,Sem3,Lecture,1,1,Offline,1
COURSE_110,BCA_3_ONL,Sem3,Lecture,1,1,Online,1
COURSE_111,MCA_3_A,Sem3,Lecture,1,1,Offline,1
COURSE_111,MCA_3_B,Sem3,Lecture,1,1,Offline,1
COURSE_111,MCA_3_C,Sem3,Lecture,1,1,Offline,1
COURSE_111,MCA_3_D,Sem3,Lecture,1,1,Offline,1
COURSE_111,MCA_3_ONL,Sem3,Lecture,1,1,Online,1
COURSE_112,BCA_2_A,Sem2,Lecture,1,2,Offline,2
COURSE_112,BCA_2_B,Sem2,Lecture,1,2,Offline,2
COURSE_112,BCA_2_C,Sem2,Lecture,1,2,Offline,2
COURSE_112,BCA_2_D,Sem2,Lecture,1,2,Offline,2
COURSE_112,BCA_2_ONL,Sem2,Lecture,1,1,Online,1
COURSE_113,BTech(IT)_6_A,Sem6,Lecture,1,2,Offline,2
COURSE_113,BTech(IT)_6_A,Sem6,Lab,2,1,Offline,2
COURSE_113,BTech(IT)_6_B,Sem6,Lecture,1,2,Offline,2
COURSE_113,BTech(IT)_6_B,Sem6,Lab,2,1,Offline,2
COURSE_113,BTech(IT)_6_C,Sem6,Lecture,1,2,Offline,2
COURSE_113,BTech(IT)_6_C,Sem6,Lab,2,1,Offline,2
COURSE_113,BTech(IT)_6_D,Sem6,Lecture,1,2,Offline,2
COURSE_113,BTech(IT)_6_D,Sem6,Lab,2,1,Offline,2
COURSE_113,BTech(IT)_6_ONL,Sem6,Lecture,1,1,Online,1
COURSE_114,BCA_1_A,Sem1,Lecture,1,1,Offline,1
COURSE_114,BCA_1_B,Sem1,Lecture,1,1,Offline,1
COURSE_114,BCA_1_C,Sem1,Lecture,1,1,Offline,1
COURSE_114,BCA_1_D,Sem1,Lecture,1,1,Offline,1
COURSE_114,BCA_1_ONL,Sem1,Lecture,1,1,Online,1
COURSE_115,BCA_3_A,Sem3,Lecture,1,1,Offline,1
COURSE_115,BCA_3_B,Sem3,Lecture,1,1,Offline,1
COURSE_115,BCA_3_C,Sem3,Lecture,1,1,Offline,1
COURSE_115,BCA_3_D,Sem3,Lecture,1,1,Offline,1
COURSE_115,BCA_3_ONL,Sem3,Lecture,1,1,Online,1
COURSE_116,BTech(CSE)_5_A,Sem5,Lecture,1,1,Offline,1
COURSE_116,BTech(CSE)_5_B,Sem5,Lecture,1,1,Offline,1
COURSE_116,BTech(CSE)_5_C,Sem5,Lecture,1,1,Offline,1
COURSE_116,BTech(CSE)_5_D,Sem5,Lecture,1,1,Offline,1
COURSE_116,BTech(CSE)_5_ONL,Sem5,Lecture,1,1,Online,1
COURSE_117,BTech(IT)_8_A,Sem8,Lecture,1,1,Offline,1
COURSE_117,BTech(IT)_8_A,Sem8,Lab,2,1,Offline,2
COURSE_117,BTech(IT)_8_B,Sem8,Lecture,1,1,Offline,1
COURSE_117,BTech(IT)_8_B,Sem8,Lab,2,1,Offline,2
COURSE_117,BTech(IT)_8_C,Sem8,Lecture,1,1,Offline,1
COURSE_117,BTech(IT)_8_C,Sem8,Lab,2,1,Offline,2
COURSE_117,BTech(IT)_8_D,Sem8,Lecture,1,1,Offline,1
COURSE_117,BTech(IT)_8_D,Sem8,Lab,2,1,Offline,2
COURSE_117,BTech(IT)_8_ONL,Sem8,Lecture,1,1,Online,1
COURSE_118,BTech(CSE)_8_A,Sem8,Lecture,1,2,Offline,2
COURSE_118,BTech(CSE)_8_A,Sem8,Lab,2,1,Offline,2
COURSE_118,BTech(CSE)_8_B,Sem8,Lecture,1,2,Offline,2
COURSE_118,BTech(CSE)_8_B,Sem8,Lab,2,1,Offline,2
COURSE_118,BTech(CSE)_8_C,Sem8,Lecture,1,2,Offline,2
COURSE_118,BTech(CSE)_8_C,Sem8,Lab,2,1,Offline,2
COURSE_118,BTech(CSE)_8_D,Sem8,Lecture,1,2,Offline,2
COURSE_118,BTech(CSE)_8_D,Sem8,Lab,2,1,Offline,2
COURSE_118,BTech(CSE)_8_ONL,Sem8,Lecture,1,1,Online,1
COURSE_119,BTech(CyberS)_2_A,Sem2,Lecture,1,2,Offline,2
COURSE_119,BTech(CyberS)_2_B,Sem2,Lecture,1,2,Offline,2
COURSE_119,BTech(CyberS)_2_C,Sem2,Lecture,1,2,Offline,2
COURSE_119,BTech(CyberS)_2_D,Sem2,Lecture,1,2,Offline,2
COURSE_119,BTech(CyberS)_2_ONL,Sem2,Lecture,1,1,Online,1
COURSE_120,BTech(IT)_3_A,Sem3,Lecture,1,2,Offline,2
COURSE_120,BTech(IT)_3_A,Sem3,Lab,2,1,Offline,2
COURSE_120,BTech(IT)_3_B,Sem3,Lecture,1,2,Offline,2
COURSE_120,BTech(IT)_3_B,Sem3,Lab,2,1,Offline,2
COURSE_120,BTech(IT)_3_C,Sem3,Lecture,1,2,Offline,2
COURSE_120,BTech(IT)_3_C,Sem3,Lab,2,1,Offline,2
COURSE_120,BTech(IT)_3_D,Sem3,Lecture,1,2,Offline,2
COURSE_120,BTech(IT)_3_D,Sem3,Lab,2,1,Offline,2
COURSE_120,BTech(IT)_3_ONL,Sem3,Lecture,1,1,Online,1
COURSE_121,BTech(IT)_7_A,Sem7,Lecture,1,1,Offline,1
COURSE_121,BTech(IT)_7_A,Sem7,Lab,2,1,Offline,2
COURSE_121,BTech(IT)_7_B,Sem7,Lecture,1,1,Offline,1
COURSE_121,BTech(IT)_7_B,Sem7,Lab,2,1,Offline,2
COURSE_121,BTech(IT)_7_C,Sem7,Lecture,1,1,Offline,1
COURSE_121,BTech(IT)_7_C,Sem7,Lab,2,1,Offline,2
COURSE_121,BTech(IT)_7_D,Sem7,Lecture,1,1,Offline,1
COURSE_121,BTech(IT)_7_D,Sem7,Lab,2,1,Offline,2
COURSE_121,BTech(IT)_7_ONL,Sem7,Lecture,1,1,Online,1
COURSE_122,MCA_4_A,Sem4,Lecture,1,1,Offline,1
COURSE_122,MCA_4_B,Sem4,Lecture,1,1,Offline,1
COURSE_122,MCA_4_C,Sem4,Lecture,1,1,Offline,1
COURSE_122,MCA_4_D,Sem4,Lecture,1,1,Offline,1
COURSE_122,MCA_4_ONL,Sem4,Lecture,1,1,Online,1
COURSE_123,BTech(CSE)_5_A,Sem5,Lecture,1,2,Offline,2
COURSE_123,BTech(CSE)_5_B,Sem5,Lecture,1,2,Offline,2
COURSE_123,BTech(CSE)_5_C,Sem5,Lecture,1,2,Offline,2
COURSE_123,BTech(CSE)_5_D,Sem5,Lecture,1,2,Offline,2
COURSE_123,BTech(CSE)_5_ONL,Sem5,Lecture,1,1,Online,1
COURSE_124,MTech_1_A,Sem1,Lecture,1,2,Offline,2
COURSE_124,MTech_1_A,Sem1,Lab,2,1,Offline,2
COURSE_124,MTech_1_B,Sem1,Lecture,1,2,Offline,2
COURSE_124,MTech_1_B,Sem1,Lab,2,1,Offline,2
COURSE_124,MTech_1_C,Sem1,Lecture,1,2,Offline,2
COURSE_124,MTech_1_C,Sem1,Lab,2,1,Offline,2
COURSE_124,MTech_1_D,Sem1,Lecture,1,2,Offline,2
COURSE_124,MTech_1_D,Sem1,Lab,2,1,Offline,2
COURSE_124,MTech_1_ONL,Sem1,Lecture,1,1,Online,1
COURSE_125,BTech(CyberS)_1_A,Sem1,Lecture,1,2,Offline,2
COURSE_125,BTech(CyberS)_1_B,Sem1,Lecture,1,2,Offline,2
COURSE_125,BTech(CyberS)_1_C,Sem1,Lecture,1,2,Offline,2
COURSE_125,BTech(CyberS)_1_D,Sem1,Lecture,1,2,Offline,2
COURSE_125,BTech(CyberS)_1_ONL,Sem1,Lecture,1,1,Online,1
COURSE_126,MTech_1_A,Sem1,Lecture,1,1,Offline,1
COURSE_126,MTech_1_A,Sem1,Lab,2,1,Offline,2
COURSE_126,MTech_1_B,Sem1,Lecture,1,1,Offline,1
COURSE_126,MTech_1_B,Sem1,Lab,2,1,Offline,2
COURSE_126,MTech_1_C,Sem1,Lecture,1,1,Offline,1
COURSE_126,MTech_1_C,Sem1,Lab,2,1,Offline,2
COURSE_126,MTech_1_D,Sem1,Lecture,1,1,Offline,1
COURSE_126,MTech_1_D,Sem1,Lab,2,1,Offline,2
COURSE_126,MTech_1_ONL,Sem1,Lecture,1,1,Online,1
COURSE_127,MTech_4_A,Sem4,Lecture,1,1,Offline,1
COURSE_127,MTech_4_A,Sem4,Lab,2,1,Offline,2
COURSE_127,MTech_4_B,Sem4,Lecture,1,1,Offline,1
COURSE_127,MTech_4_B,Sem4,Lab,2,1,Offline,2
COURSE_127,MTech_4_C,Sem4,Lecture,1,1,Offline,1
COURSE_127,MTech_4_C,Sem4,Lab,2,1,Offline,2
COURSE_127,MTech_4_D,Sem4,Lecture,1,1,Offline,1
COURSE_127,MTech_4_D,Sem4,Lab,2,1,Offline,2
COURSE_127,MTech_4_ONL,Sem4,Lecture,1,1,Online,1
COURSE_128,BTech(CSE)_2_A,Sem2,Lecture,1,2,Offline,2
COURSE_128,BTech(CSE)_2_B,Sem2,Lecture,1,2,Offline,2
COURSE_128,BTech(CSE)_2_C,Sem2,Lecture,1,2,Offline,2
COURSE_128,BTech(CSE)_2_D,Sem2,Lecture,1,2,Offline,2
COURSE_128,BTech(CSE)_2_ONL,Sem2,Lecture,1,1,Online,1
COURSE_129,BTech(CyberS)_7_A,Sem7,Lecture,1,1,Offline,1
COURSE_129,BTech(CyberS)_7_B,Sem7,Lecture,1,1,Offline,1
COURSE_129,BTech(CyberS)_7_C,Sem7,Lecture,1,1,Offline,1
COURSE_129,BTech(CyberS)_7_D,Sem7,Lecture,1,1,Offline,1
COURSE_129,BTech(CyberS)_7_ONL,Sem7,Lecture,1,1,Online,1
COURSE_130,BTech(CyberS)_5_A,Sem5,Lecture,1,1,Offline,1
COURSE_130,BTech(CyberS)_5_B,Sem5,Lecture,1,1,Offline,1
COURSE_130,BTech(CyberS)_5_C,Sem5,Lecture,1,1,Offline,1
COURSE_130,BTech(CyberS)_5_D,Sem5,Lecture,1,1,Offline,1
COURSE_130,BTech(CyberS)_5_ONL,Sem5,Lecture,1,1,Online,1
COURSE_131,BTech(IT)_8_A,Sem8,Lecture,1,1,Offline,1
COURSE_131,BTech(IT)_8_B,Sem8,Lecture,1,1,Offline,1
COURSE_131,BTech(IT)_8_C,Sem8,Lecture,1,1,Offline,1
COURSE_131,BTech(IT)_8_D,Sem8,Lecture,1,1,Offline,1
COURSE_131,BTech(IT)_8_ONL,Sem8,Lecture,1,1,Online,1
COURSE_132,BTech(CyberS)_1_A,Sem1,Lecture,1,2,Offline,2
COURSE_132,BTech(CyberS)_1_B,Sem1,Lecture,1,2,Offline,2
COURSE_132,BTech(CyberS)_1_C,Sem1,Lecture,1,2,Offline,2
COURSE_132,BTech(CyberS)_1_D,Sem1,Lecture,1,2,Offline,2
COURSE_132,BTech(CyberS)_1_ONL,Sem1,Lecture,1,1,Online,1
COURSE_133,BTech(IT)_5_A,Sem5,Lecture,1,2,Offline,2
COURSE_133,BTech(IT)_5_B,Sem5,Lecture,1,2,Offline,2
COURSE_133,BTech(IT)_5_C,Sem5,Lecture,1,2,Offline,2
COURSE_133,BTech(IT)_5_D,Sem5,Lecture,1,2,Offline,2
COURSE_133,BTech(IT)_5_ONL,Sem5,Lecture,1,1,Online,1
COURSE_134,BTech(IT)_7_A,Sem7,Lecture,1,2,Offline,2
COURSE_134,BTech(IT)_7_B,Sem7,Lecture,1,2,Offline,2
COURSE_134,BTech(IT)_7_C,Sem7,Lecture,1,2,Offline,2
COURSE_134,BTech(IT)_7_D,Sem7,Lecture,1,2,Offline,2
COURSE_134,BTech(IT)_7_ONL,Sem7,Lecture,1,1,Online,1
COURSE_135,BTech(CyberS)_6_A,Sem6,Lecture,1,2,Offline,2
COURSE_135,BTech(CyberS)_6_B,Sem6,Lecture,1,2,Offline,2
COURSE_135,BTech(CyberS)_6_C,Sem6,Lecture,1,2,Offline,2
COURSE_135,BTech(CyberS)_6_D,Sem6,Lecture,1,2,Offline,2
COURSE_135,BTech(CyberS)_6_ONL,Sem6,Lecture,1,1,Online,1
COURSE_136,BTech(CyberS)_4_A,Sem4,Lecture,1,2,Offline,2
COURSE_136,BTech(CyberS)_4_B,Sem4,Lecture,1,2,Offline,2
COURSE_136,BTech(CyberS)_4_C,Sem4,Lecture,1,2,Offline,2
COURSE_136,BTech(CyberS)_4_D,Sem4,Lecture,1,2,Offline,2
COURSE_136,BTech(CyberS)_4_ONL,Sem4,Lecture,1,1,Online,1
COURSE_137,BTech(CSE)_8_A,Sem8,Lecture,1,1,Offline,1
COURSE_137,BTech(CSE)_8_B,Sem8,Lecture,1,1,Offline,1
COURSE_137,BTech(CSE)_8_C,Sem8,Lecture,1,1,Offline,1
COURSE_137,BTech(CSE)_8_D,Sem8,Lecture,1,1,Offline,1
COURSE_137,BTech(CSE)_8_ONL,Sem8,Lecture,1,1,Online,1
COURSE_138,BTech(CyberS)_4_A,Sem4,Lecture,1,2,Offline,2
COURSE_138,BTech(CyberS)_4_B,Sem4,Lecture,1,2,Offline,2
COURSE_138,BTech(CyberS)_4_C,Sem4,Lecture,1,2,Offline,2
COURSE_138,BTech(CyberS)_4_D,Sem4,Lecture,1,2,Offline,2
COURSE_138,BTech(CyberS)_4_ONL,Sem4,Lecture,1,1,Online,1
COURSE_139,BTech(CSE)_2_A,Sem2,Lecture,1,2,Offline,2
COURSE_139,BTech(CSE)_2_B,Sem2,Lecture,1,2,Offline,2
COURSE_139,BTech(CSE)_2_C,Sem2,Lecture,1,2,Offline,2
COURSE_139,BTech(CSE)_2_D,Sem2,Lecture,1,2,Offline,2
COURSE_139,BTech(CSE)_2_ONL,Sem2,Lecture,1,1,Online,1
COURSE_140,BTech(CyberS)_7_A,Sem7,Lecture,1,1,Offline,1
COURSE_140,BTech(CyberS)_7_B,Sem7,Lecture,1,1,Offline,1
COURSE_140,BTech(CyberS)_7_C,Sem7,Lecture,1,1,Offline,1
COURSE_140,BTech(CyberS)_7_D,Sem7,Lecture,1,1,Offline,1
COURSE_140,BTech(CyberS)_7_ONL,Sem7,Lecture,1,1,Online,1
COURSE_141,BTech(CyberS)_7_A,Sem7,Lecture,1,2,Offline,2
COURSE_141,BTech(CyberS)_7_B,Sem7,Lecture,1,2,Offline,2
COURSE_141,BTech(CyberS)_7_C,Sem7,Lecture,1,2,Offline,2
COURSE_141,BTech(CyberS)_7_D,Sem7,Lecture,1,2,Offline,2
COURSE_141,BTech(CyberS)_7_ONL,Sem7,Lecture,1,1,Online,1
COURSE_142,MCA_1_A,Sem1,Lecture,1,1,Offline,1
COURSE_142,MCA_1_A,Sem1,Lab,2,1,Offline,2
COURSE_142,MCA_1_B,Sem1,Lecture,1,1,Offline,1
COURSE_142,MCA_1_B,Sem1,Lab,2,1,Offline,2
COURSE_142,MCA_1_C,Sem1,Lecture,1,1,Offline,1
COURSE_142,MCA_1_C,Sem1,Lab,2,1,Offline,2
COURSE_142,MCA_1_D,Sem1,Lecture,1,1,Offline,1
COURSE_142,MCA_1_D,Sem1,Lab,2,1,Offline,2
COURSE_142,MCA_1_ONL,Sem1,Lecture,1,1,Online,1
COURSE_143,BTech(CyberS)_7_A,Sem7,Lecture,1,2,Offline,2
COURSE_143,BTech(CyberS)_7_B,Sem7,Lecture,1,2,Offline,2
COURSE_143,BTech(CyberS)_7_C,Sem7,Lecture,1,2,Offline,2
COURSE_143,BTech(CyberS)_7_D,Sem7,Lecture,1,2,Offline,2
COURSE_143,BTech(CyberS)_7_ONL,Sem7,Lecture,1,1,Online,1
COURSE_144,BTech(IT)_7_A,Sem7,Lecture,1,1,Offline,1
COURSE_144,BTech(IT)_7_B,Sem7,Lecture,1,1,Offline,1
COURSE_144,BTech(IT)_7_C,Sem7,Lecture,1,1,Offline,1
COURSE_144,BTech(IT)_7_D,Sem7,Lecture,1,1,Offline,1
COURSE_144,BTech(IT)_7_ONL,Sem7,Lecture,1,1,Online,1
COURSE_145,MTech_2_A,Sem2,Lecture,1,1,Offline,1
COURSE_145,MTech_2_B,Sem2,Lecture,1,1,Offline,1
COURSE_145,MTech_2_C,Sem2,Lecture,1,1,Offline,1
COURSE_145,MTech_2_D,Sem2,Lecture,1,1,Offline,1
COURSE_145,MTech_2_ONL,Sem2,Lecture,1,1,Online,1
COURSE_146,BTech(CSE)_6_A,Sem6,Lecture,1,2,Offline,2
COURSE_146,BTech(CSE)_6_B,Sem6,Lecture,1,2,Offline,2
COURSE_146,BTech(CSE)_6_C,Sem6,Lecture,1,2,Offline,2
COURSE_146,BTech(CSE)_6_D,Sem6,Lecture,1,2,Offline,2
COURSE_146,BTech(CSE)_6_ONL,Sem6,Lecture,1,1,Online,1
COURSE_147,BTech(CSE)_5_A,Sem5,Lecture,1,2,Offline,2
COURSE_147,BTech(CSE)_5_A,Sem5,Lab,2,1,Offline,2
COURSE_147,BTech(CSE)_5_B,Sem5,Lecture,1,2,Offline,2
COURSE_147,BTech(CSE)_5_B,Sem5,Lab,2,1,Offline,2
COURSE_147,BTech(CSE)_5_C,Sem5,Lecture,1,2,Offline,2
COURSE_147,BTech(CSE)_5_C,Sem5,Lab,2,1,Offline,2
COURSE_147,BTech(CSE)_5_D,Sem5,Lecture,1,2,Offline,2
COURSE_147,BTech(CSE)_5_D,Sem5,Lab,2,1,Offline,2
COURSE_147,BTech(CSE)_5_ONL,Sem5,Lecture,1,1,Online,1
COURSE_148,BTech(CyberS)_6_A,Sem6,Lecture,1,2,Offline,2
COURSE_148,BTech(CyberS)_6_B,Sem6,Lecture,1,2,Offline,2
COURSE_148,BTech(CyberS)_6_C,Sem6,Lecture,1,2,Offline,2
COURSE_148,BTech(CyberS)_6_D,Sem6,Lecture,1,2,Offline,2
COURSE_148,BTech(CyberS)_6_ONL,Sem6,Lecture,1,1,Online,1
COURSE_149,MCA_2_A,Sem2,Lecture,1,1,Offline,1
COURSE_149,MCA_2_A,Sem2,Lab,2,1,Offline,2
COURSE_149,MCA_2_B,Sem2,Lecture,1,1,Offline,1
COURSE_149,MCA_2_B,Sem2,Lab,2,1,Offline,2
COURSE_149,MCA_2_C,Sem2,Lecture,1,1,Offline,1
COURSE_149,MCA_2_C,Sem2,Lab,2,1,Offline,2
COURSE_149,MCA_2_D,Sem2,Lecture,1,1,Offline,1
COURSE_149,MCA_2_D,Sem2,Lab,2,1,Offline,2
COURSE_149,MCA_2_ONL,Sem2,Lecture,1,1,Online,1
COURSE_150,BCA_2_A,Sem2,Lecture,1,1,Offline,1
COURSE_150,BCA_2_B,Sem2,Lecture,1,1,Offline,1
COURSE_150,BCA_2_C,Sem2,Lecture,1,1,Offline,1
COURSE_150,BCA_2_D,Sem2,Lecture,1,1,Offline,1
COURSE_150,BCA_2_ONL,Sem2,Lecture,1,1,Online,1
COURSE_151,MCA_4_A,Sem4,Lecture,1,1,Offline,1
COURSE_151,MCA_4_A,Sem4,Lab,2,1,Offline,2
COURSE_151,MCA_4_B,Sem4,Lecture,1,1,Offline,1
COURSE_151,MCA_4_B,Sem4,Lab,2,1,Offline,2
COURSE_151,MCA_4_C,Sem4,Lecture,1,1,Offline,1
COURSE_151,MCA_4_C,Sem4,Lab,2,1,Offline,2
COURSE_151,MCA_4_D,Sem4,Lecture,1,1,Offline,1
COURSE_151,MCA_4_D,Sem4,Lab,2,1,Offline,2
COURSE_151,MCA_4_ONL,Sem4,Lecture,1,1,Online,1
COURSE_152,BTech(IT)_3_A,Sem3,Lecture,1,2,Offline,2
COURSE_152,BTech(IT)_3_B,Sem3,Lecture,1,2,Offline,2
COURSE_152,BTech(IT)_3_C,Sem3,Lecture,1,2,Offline,2
COURSE_152,BTech(IT)_3_D,Sem3,Lecture,1,2,Offline,2
COURSE_152,BTech(IT)_3_ONL,Sem3,Lecture,1,1,Online,1
COURSE_153,BTech(CyberS)_5_A,Sem5,Lecture,1,2,Offline,2
COURSE_153,BTech(CyberS)_5_B,Sem5,Lecture,1,2,Offline,2
COURSE_153,BTech(CyberS)_5_C,Sem5,Lecture,1,2,Offline,2
COURSE_153,BTech(CyberS)_5_D,Sem5,Lecture,1,2,Offline,2
COURSE_153,BTech(CyberS)_5_ONL,Sem5,Lecture,1,1,Online,1
COURSE_154,BTech(CSE)_5_A,Sem5,Lecture,1,2,Offline,2
COURSE_154,BTech(CSE)_5_B,Sem5,Lecture,1,2,Offline,2
COURSE_154,BTech(CSE)_5_C,Sem5,Lecture,1,2,Offline,2
COURSE_154,BTech(CSE)_5_D,Sem5,Lecture,1,2,Offline,2
COURSE_154,BTech(CSE)_5_ONL,Sem5,Lecture,1,1,Online,1
COURSE_155,BTech(CSE)_4_A,Sem4,Lecture,1,1,Offline,1
COURSE_155,BTech(CSE)_4_B,Sem4,Lecture,1,1,Offline,1
COURSE_155,BTech(CSE)_4_C,Sem4,Lecture,1,1,Offline,1
COURSE_155,BTech(CSE)_4_D,Sem4,Lecture,1,1,Offline,1
COURSE_155,BTech(CSE)_4_ONL,Sem4,Lecture,1,1,Online,1
COURSE_156,BTech(IT)_2_A,Sem2,Lecture,1,1,Offline,1
COURSE_156,BTech(IT)_2_B,Sem2,Lecture,1,1,Offline,1
COURSE_156,BTech(IT)_2_C,Sem2,Lecture,1,1,Offline,1
COURSE_156,BTech(IT)_2_D,Sem2,Lecture,1,1,Offline,1
COURSE_156,BTech(IT)_2_ONL,Sem2,Lecture,1,1,Online,1
COURSE_157,BTech(CSE)_2_A,Sem2,Lecture,1,1,Offline,1
COURSE_157,BTech(CSE)_2_B,Sem2,Lecture,1,1,Offline,1
COURSE_157,BTech(CSE)_2_C,Sem2,Lecture,1,1,Offline,1
COURSE_157,BTech(CSE)_2_D,Sem2,Lecture,1,1,Offline,1
COURSE_157,BTech(CSE)_2_ONL,Sem2,Lecture,1,1,Online,1
COURSE_158,BTech(CSE)_2_A,Sem2,Lecture,1,2,Offline,2
COURSE_158,BTech(CSE)_2_B,Sem2,Lecture,1,2,Offline,2
COURSE_158,BTech(CSE)_2_C,Sem2,Lecture,1,2,Offline,2
COURSE_158,BTech(CSE)_2_D,Sem2,Lecture,1,2,Offline,2
COURSE_158,BTech(CSE)_2_ONL,Sem2,Lecture,1,1,Online,1
COURSE_159,BTech(CSE)_7_A,Sem7,Lecture,1,2,Offline,2
COURSE_159,BTech(CSE)_7_B,Sem7,Lecture,1,2,Offline,2
COURSE_159,BTech(CSE)_7_C,Sem7,Lecture,1,2,Offline,2
COURSE_159,BTech(CSE)_7_D,Sem7,Lecture,1,2,Offline,2
COURSE_159,BTech(CSE)_7_ONL,Sem7,Lecture,1,1,Online,1
COURSE_160,BTech(CSE)_7_A,Sem7,Lecture,1,1,Offline,1
COURSE_160,BTech(CSE)_7_B,Sem7,Lecture,1,1,Offline,1
COURSE_160,BTech(CSE)_7_C,Sem7,Lecture,1,1,Offline,1
COURSE_160,BTech(CSE)_7_D,Sem7,Lecture,1,1,Offline,1
COURSE_160,BTech(CSE)_7_ONL,Sem7,Lecture,1,1,Online,1
COURSE_161,BTech(IT)_3_A,Sem3,Lecture,1,2,Offline,2
COURSE_161,BTech(IT)_3_B,Sem3,Lecture,1,2,Offline,2
COURSE_161,BTech(IT)_3_C,Sem3,Lecture,1,2,Offline,2
COURSE_161,BTech(IT)_3_D,Sem3,Lecture,1,2,Offline,2
COURSE_161,BTech(IT)_3_ONL,Sem3,Lecture,1,1,Online,1
COURSE_162,BTech(CyberS)_1_A,Sem1,Lecture,1,1,Offline,1
COURSE_162,BTech(CyberS)_1_B,Sem1,Lecture,1,1,Offline,1
COURSE_162,BTech(CyberS)_1_C,Sem1,Lecture,1,1,Offline,1
COURSE_162,BTech(CyberS)_1_D,Sem1,Lecture,1,1,Offline,1
COURSE_162,BTech(CyberS)_1_ONL,Sem1,Lecture,1,1,Online,1
COURSE_163,BTech(CSE)_7_A,Sem7,Lecture,1,2,Offline,2
COURSE_163,BTech(CSE)_7_A,Sem7,Lab,2,1,Offline,2
COURSE_163,BTech(CSE)_7_B,Sem7,Lecture,1,2,Offline,2
COURSE_163,BTech(CSE)_7_B,Sem7,Lab,2,1,Offline,2
COURSE_163,BTech(CSE)_7_C,Sem7,Lecture,1,2,Offline,2
COURSE_163,BTech(CSE)_7_C,Sem7,Lab,2,1,Offline,2
COURSE_163,BTech(CSE)_7_D,Sem7,Lecture,1,2,Offline,2
COURSE_163,BTech(CSE)_7_D,Sem7,Lab,2,1,Offline,2
COURSE_163,BTech(CSE)_7_ONL,Sem7,Lecture,1,1,Online,1
COURSE_164,BTech(CSE)_7_A,Sem7,Lecture,1,2,Offline,2
COURSE_164,BTech(CSE)_7_B,Sem7,Lecture,1,2,Offline,2
COURSE_164,BTech(CSE)_7_C,Sem7,Lecture,1,2,Offline,2
COURSE_164,BTech(CSE)_7_D,Sem7,Lecture,1,2,Offline,2
COURSE_164,BTech(CSE)_7_ONL,Sem7,Lecture,1,1,Online,1
COURSE_165,MCA_2_A,Sem2,Lecture,1,1,Offline,1
COURSE_165,MCA_2_B,Sem2,Lecture,1,1,Offline,1
COURSE_165,MCA_2_C,Sem2,Lecture,1,1,Offline,1
COURSE_165,MCA_2_D,Sem2,Lecture,1,1,Offline,1
COURSE_165,MCA_2_ONL,Sem2,Lecture,1,1,Online,1
COURSE_166,BTech(IT)_2_A,Sem2,Lecture,1,2,Offline,2
COURSE_166,BTech(IT)_2_B,Sem2,Lecture,1,2,Offline,2
COURSE_166,BTech(IT)_2_C,Sem2,Lecture,1,2,Offline,2
COURSE_166,BTech(IT)_2_D,Sem2,Lecture,1,2,Offline,2
COURSE_166,BTech(IT)_2_ONL,Sem2,Lecture,1,1,Online,1
COURSE_167,BTech(IT)_5_A,Sem5,Lecture,1,1,Offline,1
COURSE_167,BTech(IT)_5_B,Sem5,Lecture,1,1,Offline,1
COURSE_167,BTech(IT)_5_C,Sem5,Lecture,1,1,Offline,1
COURSE_167,BTech(IT)_5_D,Sem5,Lecture,1,1,Offline,1
COURSE_167,BTech(IT)_5_ONL,Sem5,Lecture,1,1,Online,1
COURSE_168,BTech(CSE)_8_A,Sem8,Lecture,1,1,Offline,1
COURSE_168,BTech(CSE)_8_B,Sem8,Lecture,1,1,Offline,1
COURSE_168,BTech(CSE)_8_C,Sem8,Lecture,1,1,Offline,1
COURSE_168,BTech(CSE)_8_D,Sem8,Lecture,1,1,Offline,1
COURSE_168,BTech(CSE)_8_ONL,Sem8,Lecture,1,1,Online,1
COURSE_169,MCA_3_A,Sem3,Lecture,1,1,Offline,1
COURSE_169,MCA_3_A,Sem3,Lab,2,1,Offline,2
COURSE_169,MCA_3_B,Sem3,Lecture,1,1,Offline,1
COURSE_169,MCA_3_B,Sem3,Lab,2,1,Offline,2
COURSE_169,MCA_3_C,Sem3,Lecture,1,1,Offline,1
COURSE_169,MCA_3_C,Sem3,Lab,2,1,Offline,2
COURSE_169,MCA_3_D,Sem3,Lecture,1,1,Offline,1
COURSE_169,MCA_3_D,Sem3,Lab,2,1,Offline,2
COURSE_169,MCA_3_ONL,Sem3,Lecture,1,1,Online,1
COURSE_170,BTech(CSE)_4_A,Sem4,Lecture,1,1,Offline,1
COURSE_170,BTech(CSE)_4_B,Sem4,Lecture,1,1,Offline,1
COURSE_170,BTech(CSE)_4_C,Sem4,Lecture,1,1,Offline,1
COURSE_170,BTech(CSE)_4_D,Sem4,Lecture,1,1,Offline,1
COURSE_170,BTech(CSE)_4_ONL,Sem4,Lecture,1,1,Online,1
COURSE_171,BTech(CSE)_8_A,Sem8,Lecture,1,1,Offline,1
COURSE_171,BTech(CSE)_8_A,Sem8,Lab,2,1,Offline,2
COURSE_171,BTech(CSE)_8_B,Sem8,Lecture,1,1,Offline,1
COURSE_171,BTech(CSE)_8_B,Sem8,Lab,2,1,Offline,2
COURSE_171,BTech(CSE)_8_C,Sem8,Lecture,1,1,Offline,1
COURSE_171,BTech(CSE)_8_C,Sem8,Lab,2,1,Offline,2
COURSE_171,BTech(CSE)_8_D,Sem8,Lecture,1,1,Offline,1
COURSE_171,BTech(CSE)_8_D,Sem8,Lab,2,1,Offline,2
COURSE_171,BTech(CSE)_8_ONL,Sem8,Lecture,1,1,Online,1
COURSE_172,BCA_2_A,Sem2,Lecture,1,1,Offline,1
COURSE_172,BCA_2_A,Sem2,Lab,2,1,Offline,2
COURSE_172,BCA_2_B,Sem2,Lecture,1,1,Offline,1
COURSE_172,BCA_2_B,Sem2,Lab,2,1,Offline,2
COURSE_172,BCA_2_C,Sem2,Lecture,1,1,Offline,1
COURSE_172,BCA_2_C,Sem2,Lab,2,1,Offline,2
COURSE_172,BCA_2_D,Sem2,Lecture,1,1,Offline,1
COURSE_172,BCA_2_D,Sem2,Lab,2,1,Offline,2
COURSE_172,BCA_2_ONL,Sem2,Lecture,1,1,Online,1
COURSE_173,BTech(CSE)_4_A,Sem4,Lecture,1,1,Offline,1
COURSE_173,BTech(CSE)_4_B,Sem4,Lecture,1,1,Offline,1
COURSE_173,BTech(CSE)_4_C,Sem4,Lecture,1,1,Offline,1
COURSE_173,BTech(CSE)_4_D,Sem4,Lecture,1,1,Offline,1
COURSE_173,BTech(CSE)_4_ONL,Sem4,Lecture,1,1,Online,1
COURSE_174,BTech(CSE)_3_A,Sem3,Lecture,1,2,Offline,2
COURSE_174,BTech(CSE)_3_A,Sem3,Lab,2,1,Offline,2
COURSE_174,BTech(CSE)_3_B,Sem3,Lecture,1,2,Offline,2
COURSE_174,BTech(CSE)_3_B,Sem3,Lab,2,1,Offline,2
COURSE_174,BTech(CSE)_3_C,Sem3,Lecture,1,2,Offline,2
COURSE_174,BTech(CSE)_3_C,Sem3,Lab,2,1,Offline,2
COURSE_174,BTech(CSE)_3_D,Sem3,Lecture,1,2,Offline,2
COURSE_174,BTech(CSE)_3_D,Sem3,Lab,2,1,Offline,2
COURSE_174,BTech(CSE)_3_ONL,Sem3,Lecture,1,1,Online,1
COURSE_175,BTech(CyberS)_5_A,Sem5,Lecture,1,1,Offline,1
COURSE_175,BTech(CyberS)_5_B,Sem5,Lecture,1,1,Offline,1
COURSE_175,BTech(CyberS)_5_C,Sem5,Lecture,1,1,Offline,1
COURSE_175,BTech(CyberS)_5_D,Sem5,Lecture,1,1,Offline,1
COURSE_175,BTech(CyberS)_5_ONL,Sem5,Lecture,1,1,Online,1
COURSE_176,BTech(IT)_3_A,Sem3,Lecture,1,1,Offline,1
COURSE_176,BTech(IT)_3_A,Sem3,Lab,2,1,Offline,2
COURSE_176,BTech(IT)_3_B,Sem3,Lecture,1,1,Offline,1
COURSE_176,BTech(IT)_3_B,Sem3,Lab,2,1,Offline,2
COURSE_176,BTech(IT)_3_C,Sem3,Lecture,1,1,Offline,1
COURSE_176,BTech(IT)_3_C,Sem3,Lab,2,1,Offline,2
COURSE_176,BTech(IT)_3_D,Sem3,Lecture,1,1,Offline,1
COURSE_176,BTech(IT)_3_D,Sem3,Lab,2,1,Offline,2
COURSE_176,BTech(IT)_3_ONL,Sem3,Lecture,1,1,Online,1
COURSE_177,MCA_3_A,Sem3,Lecture,1,1,Offline,1
COURSE_177,MCA_3_B,Sem3,Lecture,1,1,Offline,1
COURSE_177,MCA_3_C,Sem3,Lecture,1,1,Offline,1
COURSE_177,MCA_3_D,Sem3,Lecture,1,1,Offline,1
COURSE_177,MCA_3_ONL,Sem3,Lecture,1,1,Online,1
COURSE_178,BTech(CSE)_4_A,Sem4,Lecture,1,2,Offline,2
COURSE_178,BTech(CSE)_4_B,Sem4,Lecture,1,2,Offline,2
COURSE_178,BTech(CSE)_4_C,Sem4,Lecture,1,2,Offline,2
COURSE_178,BTech(CSE)_4_D,Sem4,Lecture,1,2,Offline,2
COURSE_178,BTech(CSE)_4_ONL,Sem4,Lecture,1,1,Online,1
COURSE_179,BTech(CSE)_6_A,Sem6,Lecture,1,2,Offline,2
COURSE_179,BTech(CSE)_6_B,Sem6,Lecture,1,2,Offline,2
COURSE_179,BTech(CSE)_6_C,Sem6,Lecture,1,2,Offline,2
COURSE_179,BTech(CSE)_6_D,Sem6,Lecture,1,2,Offline,2
COURSE_179,BTech(CSE)_6_ONL,Sem6,Lecture,1,1,Online,1
COURSE_180,BTech(CSE)_6_A,Sem6,Lecture,1,2,Offline,2
COURSE_180,BTech(CSE)_6_B,Sem6,Lecture,1,2,Offline,2
COURSE_180,BTech(CSE)_6_C,Sem6,Lecture,1,2,Offline,2
COURSE_180,BTech(CSE)_6_D,Sem6,Lecture,1,2,Offline,2
COURSE_180,BTech(CSE)_6_ONL,Sem6,Lecture,1,1,Online,1
COURSE_181,BTech(CSE)_6_A,Sem6,Lecture,1,2,Offline,2
COURSE_181,BTech(CSE)_6_B,Sem6,Lecture,1,2,Offline,2
COURSE_181,BTech(CSE)_6_C,Sem6,Lecture,1,2,Offline,2
COURSE_181,BTech(CSE)_6_D,Sem6,Lecture,1,2,Offline,2
COURSE_181,BTech(CSE)_6_ONL,Sem6,Lecture,1,1,Online,1
COURSE_182,MCA_2_A,Sem2,Lecture,1,2,Offline,2
COURSE_182,MCA_2_A,Sem2,Lab,2,1,Offline,2
COURSE_182,MCA_2_B,Sem2,Lecture,1,2,Offline,2
COURSE_182,MCA_2_B,Sem2,Lab,2,1,Offline,2
COURSE_182,MCA_2_C,Sem2,Lecture,1,2,Offline,2
COURSE_182,MCA_2_C,Sem2,Lab,2,1,Offline,2
COURSE_182,MCA_2_D,Sem2,Lecture,1,2,Offline,2
COURSE_182,MCA_2_D,Sem2,Lab,2,1,Offline,2
COURSE_182,MCA_2_ONL,Sem2,Lecture,1,1,Online,1
COURSE_183,BTech(CSE)_8_A,Sem8,Lecture,1,1,Offline,1
COURSE_183,BTech(CSE)_8_B,Sem8,Lecture,1,1,Offline,1
COURSE_183,BTech(CSE)_8_C,Sem8,Lecture,1,1,Offline,1
COURSE_183,BTech(CSE)_8_D,Sem8,Lecture,1,1,Offline,1
COURSE_183,BTech(CSE)_8_ONL,Sem8,Lecture,1,1,Online,1
COURSE_184,BTech(CSE)_3_A,Sem3,Lecture,1,1,Offline,1
COURSE_184,BTech(CSE)_3_A,Sem3,Lab,2,1,Offline,2
COURSE_184,BTech(CSE)_3_B,Sem3,Lecture,1,1,Offline,1
COURSE_184,BTech(CSE)_3_B,Sem3,Lab,2,1,Offline,2
COURSE_184,BTech(CSE)_3_C,Sem3,Lecture,1,1,Offline,1
COURSE_184,BTech(CSE)_3_C,Sem3,Lab,2,1,Offline,2
COURSE_184,BTech(CSE)_3_D,Sem3,Lecture,1,1,Offline,1
COURSE_184,BTech(CSE)_3_D,Sem3,Lab,2,1,Offline,2
COURSE_184,BTech(CSE)_3_ONL,Sem3,Lecture,1,1,Online,1
COURSE_185,BTech(IT)_8_A,Sem8,Lecture,1,1,Offline,1
COURSE_185,BTech(IT)_8_A,Sem8,Lab,2,1,Offline,2
COURSE_185,BTech(IT)_8_B,Sem8,Lecture,1,1,Offline,1
COURSE_185,BTech(IT)_8_B,Sem8,Lab,2,1,Offline,2
COURSE_185,BTech(IT)_8_C,Sem8,Lecture,1,1,Offline,1
COURSE_185,BTech(IT)_8_C,Sem8,Lab,2,1,Offline,2
COURSE_185,BTech(IT)_8_D,Sem8,Lecture,1,1,Offline,1
COURSE_185,BTech(IT)_8_D,Sem8,Lab,2,1,Offline,2
COURSE_185,BTech(IT)_8_ONL,Sem8,Lecture,1,1,Online,1
COURSE_186,BCA_2_A,Sem2,Lecture,1,1,Offline,1
COURSE_186,BCA_2_B,Sem2,Lecture,1,1,Offline,1
COURSE_186,BCA_2_C,Sem2,Lecture,1,1,Offline,1
COURSE_186,BCA_2_D,Sem2,Lecture,1,1,Offline,1
COURSE_186,BCA_2_ONL,Sem2,Lecture,1,1,Online,1
COURSE_187,BTech(CSE)_3_A,Sem3,Lecture,1,2,Offline,2
COURSE_187,BTech(CSE)_3_A,Sem3,Lab,2,1,Offline,2
COURSE_187,BTech(CSE)_3_B,Sem3,Lecture,1,2,Offline,2
COURSE_187,BTech(CSE)_3_B,Sem3,Lab,2,1,Offline,2
COURSE_187,BTech(CSE)_3_C,Sem3,Lecture,1,2,Offline,2
COURSE_187,BTech(CSE)_3_C,Sem3,Lab,2,1,Offline,2
COURSE_187,BTech(CSE)_3_D,Sem3,Lecture,1,2,Offline,2
COURSE_187,BTech(CSE)_3_D,Sem3,Lab,2,1,Offline,2
COURSE_187,BTech(CSE)_3_ONL,Sem3,Lecture,1,1,Online,1
COURSE_188,BTech(IT)_8_A,Sem8,Lecture,1,2,Offline,2
COURSE_188,BTech(IT)_8_A,Sem8,Lab,2,1,Offline,2
COURSE_188,BTech(IT)_8_B,Sem8,Lecture,1,2,Offline,2
COURSE_188,BTech(IT)_8_B,Sem8,Lab,2,1,Offline,2
COURSE_188,BTech(IT)_8_C,Sem8,Lecture,1,2,Offline,2
COURSE_188,BTech(IT)_8_C,Sem8,Lab,2,1,Offline,2
COURSE_188,BTech(IT)_8_D,Sem8,Lecture,1,2,Offline,2
COURSE_188,BTech(IT)_8_D,Sem8,Lab,2,1,Offline,2
COURSE_188,BTech(IT)_8_ONL,Sem8,Lecture,1,1,Online,1
